signal,sample,series,model,months,alpha_monthly_bps,alpha_ann,alpha_t,alpha_p,r2,beta_MKT_RF,t_MKT_RF,beta_SMB,t_SMB,beta_HML,t_HML,beta_RMW,t_RMW,beta_CMA,t_CMA,beta_MOM,t_MOM
full_cosine,Full sample,LS,CAPM,246,-4.447215278211797,-0.0053366583338541555,-0.5387125424271793,0.5900852179900221,0.02770194261902925,-0.05356038871229408,-2.3945297559712553,,,,,,,,,,
full_cosine,Full sample,LS,FF3,246,-3.6071614862346104,-0.004328593783481533,-0.4466574553194435,0.6551224045645239,0.037826962514448614,-0.05946301028107794,-2.4223739098913457,0.012923834428988892,0.3774675864478686,0.0407886400637833,0.9774174059198247,,,,,,
full_cosine,Full sample,LS,FF5,246,-4.790236196057396,-0.0057482834352688755,-0.6154253149103688,0.5382738775937892,0.051470903079618324,-0.06213951137244752,-2.6429686003963275,0.02655980575618898,0.7367642905485527,0.06185384559827943,1.2128145266861554,0.07001308536068059,1.2657421193805118,-0.07234328633803698,-1.0995460091999303,,
full_cosine,Full sample,LS,FF5+MOM,246,-6.4120084230096905,-0.007694410107611628,-0.8083529806582292,0.41888741128442397,0.07461355806892478,-0.04875280448114912,-2.0091709812599503,0.03972792279411907,1.1210716474948585,0.08957381543461658,1.9717043386429385,0.08351548164009723,1.4275251578939472,-0.09529913390146398,-1.5688559808583284,0.05569951112750672,1.8060932792821465
full_cosine,Full sample,LS_net,FF5+MOM,246,-10.13794307705874,-0.012165531692470487,-1.2652538485162983,0.205780344814393,0.07540251515411234,-0.04920022073073471,-2.0443378989680916,0.04039803188118427,1.1279458406898335,0.09076558022743285,1.9689038567395942,0.08211788844898824,1.3930843134408313,-0.09817715236184285,-1.605390755919417,0.05683954113688195,1.8095237250364455
full_cosine,Full sample,Q1,FF5+MOM,246,34.0673539839413,0.04088082478072956,4.910843249803495,9.06855609795906e-07,0.9341206266737803,0.9975828405089039,63.74866041523272,0.11514899907455854,3.260891836982801,0.12023665882938617,3.5042245780507706,0.048852877573694914,1.048087065223995,0.06757857230051431,1.0221560516741701,-0.08822845436256953,-2.2478695226072896
full_cosine,Full sample,Q5,FF5+MOM,246,27.655345560931625,0.03318641467311795,3.919874510206453,8.859508805351755e-05,0.9352064816362876,0.948830036027755,40.467558350581356,0.1548769218686776,3.8866912215293774,0.20981047426400273,4.684995560725065,0.13236835921379211,2.733530384053253,-0.027720561600949715,-0.3965711833857567,-0.03252894323506278,-1.2673801686960384
full_cosine,Through 2014 (inside the paper's sample),LS,CAPM,106,-3.1149589949327465,-0.0037379507939192956,-0.32981136235366415,0.7415425014151771,0.04046695007431922,-0.06592118106980142,-2.067260776477595,,,,,,,,,,
full_cosine,Through 2014 (inside the paper's sample),LS,FF3,106,-5.9469981260567115,-0.007136397751268054,-0.5869475368435322,0.5572389420955005,0.09213574656450807,-0.023433400849800733,-1.0017410283189778,-0.09703205082817282,-1.751758095419267,-0.09956757229358416,-1.5454329549920947,,,,,,
full_cosine,Through 2014 (inside the paper's sample),LS,FF5,106,-13.487024558605414,-0.016184429470326497,-1.2348157179036638,0.21689909625923365,0.11633482761934799,-0.0030790675368181438,-0.11221369702198802,-0.08518864804617704,-1.4602882184962032,-0.14161072094925942,-1.9425240713663274,0.08662606092978765,0.8629437437156354,0.1707496152895219,1.7820899521259226,,
full_cosine,Through 2014 (inside the paper's sample),LS,FF5+MOM,106,-11.946112833510359,-0.01433533540021243,-1.1036060991261947,0.2697640443140603,0.1620657660698256,0.01240229051183605,0.40863027727863643,-0.08679946022947908,-1.7467716062895113,-0.07658545632036777,-1.5023915715833132,0.07860409201854728,0.8764765920331342,0.11203902797936162,1.2602597683648764,0.07445428056132179,3.028863859770692
full_cosine,Through 2014 (inside the paper's sample),LS_net,FF5+MOM,106,-15.571714359588569,-0.018686057231506282,-1.4298604704158053,0.15275706932930896,0.16605157694142492,0.009939006693504181,0.32705587183332463,-0.08845315044658847,-1.7766097616926217,-0.07998432266462659,-1.5744676071294923,0.07008189509931176,0.7775146610683895,0.11272446949156292,1.2802350670999114,0.07460119557475035,2.9828029043462387
full_cosine,Through 2014 (inside the paper's sample),Q1,FF5+MOM,106,45.80307622557675,0.054963691470692105,3.418171638682586,0.0006304333683787287,0.9433544850271651,0.97388149159762,36.43509650509062,0.2451928472609984,3.5496910826442707,0.15133761464654105,2.5977294410866,0.05795736425641708,0.44765516443285397,-0.12174594058954931,-0.9647415749387049,-0.14779288425867526,-5.391632746902384
full_cosine,Through 2014 (inside the paper's sample),Q5,FF5+MOM,106,33.856963392066405,0.04062835607047968,2.9412214591171013,0.003269207140455916,0.9528434597931931,0.9862837821094562,33.829296262664734,0.15839338703151917,2.643651997936415,0.07475215832617325,1.3766017828921107,0.13656145627496427,1.4269112292130253,-0.009706912610187763,-0.08392435037054712,-0.07333860369735351,-4.267529494346583
full_cosine,2015 onward (out of sample),LS,CAPM,140,-5.826173935106144,-0.006991408722127373,-0.45701064015871323,0.647663397710001,0.01900672561697725,-0.04377121507060979,-1.4342438190843212,,,,,,,,,,
full_cosine,2015 onward (out of sample),LS,FF3,140,-3.9647114621352326,-0.004757653754562279,-0.34197327584909426,0.7323710039017004,0.09542910589732412,-0.050874861240102175,-1.506567693834219,0.04786082902377966,1.1723288751444354,0.08754218275404088,1.8852049676766744,,,,,,
full_cosine,2015 onward (out of sample),LS,FF5,140,-4.039728264815452,-0.004847673917778543,-0.3616918188113872,0.7175823413785292,0.14169926250185083,-0.06924734459643514,-2.183382927043559,0.04856003044991853,0.968101720504587,0.151436516316454,3.0320640006851725,0.0504323774708224,0.6702391876764701,-0.16885678896472117,-2.7650828727121435,,
full_cosine,2015 onward (out of sample),LS,FF5+MOM,140,-4.609035569408655,-0.005530842683290386,-0.40978646254573897,0.6819625976456738,0.14278894083538385,-0.06669707447422854,-1.9581491808918032,0.0542559458677656,1.1803094676394736,0.15495708627025245,3.036272711805502,0.05601846141031167,0.768664228568074,-0.17230617675391624,-2.924269025591702,0.0133570154464359,0.3770589212717686
full_cosine,2015 onward (out of sample),LS_net,FF5+MOM,140,-8.36054779239178,-0.010032657350870135,-0.736371579530284,0.46150459565748403,0.14426650347325587,-0.0657234790984269,-1.938371942064304,0.05576253502311669,1.2042393868485386,0.1579337116373182,3.057965407529097,0.055718066620435866,0.7599031405695267,-0.1763029982585975,-2.994463849970333,0.015292011369102253,0.42635205550670185
full_cosine,2015 onward (out of sample),Q1,FF5+MOM,140,24.244026710877716,0.029092832053053262,3.0052389915063786,0.0026537224597353707,0.939485079126137,1.0042757457429228,57.23427417432924,0.09774660556386731,2.4801473774470852,0.10983368477758458,2.3581676322407015,0.08419047742912665,1.6878369556662602,0.10654733997388091,1.357042652773546,-0.009510083411653852,-0.29934440928518163
full_cosine,2015 onward (out of sample),Q5,FF5+MOM,140,19.634991141469065,0.02356198936976288,1.9989890477501422,0.04560953889046508,0.9265257010995498,0.9375786712686941,27.631144935798996,0.15200255143163294,3.1851985085643726,0.264790771047837,4.580234813140818,0.14020893883943836,2.331333929385175,-0.0657588367800353,-0.8209132003538336,0.0038469320347820383,0.08818850267237877
full_jaccard,Full sample,LS,CAPM,246,6.181044628951965,0.007417253554742358,0.5265054421462272,0.5985370718001524,0.02559168213039731,-0.059255022709033545,-2.1862004909873507,,,,,,,,,,
full_jaccard,Full sample,LS,FF3,246,6.868598022162344,0.008242317626594813,0.6045841178434753,0.5454553620890545,0.05018132619122151,-0.06882577262664635,-2.421258125549846,0.07860367838019092,1.5245926295729284,-0.07612315326139166,-1.439050726093604,,,,,,
full_jaccard,Full sample,LS,FF5,246,3.1307155368795607,0.003756858644255473,0.3055117374873125,0.7599764318108266,0.14609722713413886,-0.07647483034340483,-2.946361325889928,0.12107024959925367,2.6766928616434247,-0.01379938657440027,-0.23265683274333798,0.21607603598913694,4.328172867138609,-0.21645290750275098,-3.17504386120925,,
full_jaccard,Full sample,LS,FF5+MOM,246,0.2720780207838767,0.0003264936249406521,0.02620858113782176,0.9790909714764576,0.20036941773231987,-0.05287858057388179,-2.2536247562036262,0.14428119917366206,3.1425710630050325,0.03506157207458792,0.6749709718577606,0.23987620713528296,4.621231405828719,-0.2569163252182624,-4.081710206042676,0.09817945423600011,2.7102582765754275
full_jaccard,Full sample,LS_net,FF5+MOM,246,-3.245460249842578,-0.003894552299811094,-0.31089934989894724,0.7558771387087904,0.2009643825892502,-0.05339427682436929,-2.2817489548293715,0.14508663282087075,3.163969468335709,0.03548901261001865,0.6826334029090314,0.2383084465430175,4.590117903976651,-0.25874168886533255,-4.09194189622884,0.09930849690213034,2.7218772497977928
full_jaccard,Full sample,Q1,FF5+MOM,246,38.94949774519072,0.046739397294228865,5.0524346122961274,4.362137142824629e-07,0.9396691473123775,1.0047129376236827,58.11953105745399,0.10375453056022586,3.4599996142259273,0.04897429591703111,1.3340001134796935,-0.052353848118919376,-1.1819648972299264,0.2292966531692774,3.7575068396429128,-0.12463099498418835,-3.128673926016087
full_jaccard,Full sample,Q5,FF5+MOM,246,39.22157576597459,0.047065890919169504,4.482406220693266,7.3806079793309455e-06,0.9202709997510635,0.9518343570498006,41.9807958119064,0.24803572973388796,5.181169384678816,0.08403586799161898,1.7514149525447245,0.18752235901636366,3.492260100471657,-0.027619672048984897,-0.3373754119933261,-0.026451540748188295,-0.9751706355574545
full_jaccard,Through 2014 (inside the paper's sample),LS,CAPM,106,20.58050958059689,0.024696611496716266,1.1315450162699152,0.2578257674997517,0.07182072131861794,-0.10349134938575863,-2.1893832846138475,,,,,,,,,,
full_jaccard,Through 2014 (inside the paper's sample),LS,FF3,106,18.80745024122497,0.02256894028946996,1.0950494961080357,0.2734949527327297,0.14890125724033365,-0.12398415024519369,-3.9308233707634272,0.21212274029321976,2.87610583661434,-0.12663884061390046,-1.1668726648958196,,,,,,
full_jaccard,Through 2014 (inside the paper's sample),LS,FF5,106,12.83366530419992,0.015400398365039904,0.772489122361296,0.4398247869986608,0.16838928917906648,-0.10442538009860378,-2.9650897486045915,0.23446234677869843,3.4373358759822255,-0.09868472374393515,-0.7212983423371606,0.17189227617147088,1.6152648834249028,-0.07212274469522185,-0.40483272350495175,,
full_jaccard,Through 2014 (inside the paper's sample),LS,FF5+MOM,106,14.621516908216114,0.017545820289859335,0.8958354182620666,0.370340670430379,0.21272040679872362,-0.0864630462615194,-2.878413422676566,0.23259339276998803,3.406944089455051,-0.02323879016122641,-0.22829435563084244,0.16258474105978638,1.6583521210586651,-0.14024203795890694,-0.8532939438988382,0.08638600301338908,1.6622043884961384
full_jaccard,Through 2014 (inside the paper's sample),LS_net,FF5+MOM,106,11.130395807787027,0.013356474969344431,0.6800879937387351,0.4964487461868824,0.2139130021144906,-0.08866424090807383,-2.9327354451460312,0.2311875324190432,3.3872899953406264,-0.026592535217946016,-0.2590462324762786,0.15464047964206043,1.578920702931665,-0.13883504155024115,-0.8469339347183056,0.08665141095790278,1.6517516274174326
full_jaccard,Through 2014 (inside the paper's sample),Q1,FF5+MOM,106,47.5359345290801,0.05704312143489612,3.4455710267657267,0.0005698541878004071,0.947998218786426,1.0098022113620766,36.11876080646617,0.11125738876857867,1.875041688218088,0.021912863133617226,0.35153852508207634,-0.0890366610486162,-0.7752731891000799,0.08454841293012168,0.6094130618024993,-0.17058980241766075,-4.049944872279884
full_jaccard,Through 2014 (inside the paper's sample),Q5,FF5+MOM,106,62.15745143729622,0.07458894172475547,4.915956620969617,8.834996109734633e-07,0.939343662802266,0.9233391651005571,32.75744664351709,0.3438507815385668,5.154605182753823,-0.0013259270276091307,-0.018367827078126196,0.07354808001117004,1.1117685328454423,-0.055693625028785256,-0.39835622094829326,-0.0842037994042717,-4.659641690638641
full_jaccard,2015 onward (out of sample),LS,CAPM,140,-6.175735677398862,-0.007410882812878635,-0.43363099862065463,0.6645564207123714,0.004139659656653527,-0.022938623613800183,-0.776741143163135,,,,,,,,,,
full_jaccard,2015 onward (out of sample),LS,FF3,140,-6.014431782997616,-0.007217318139597139,-0.440748036614176,0.6593954162190201,0.01026969003834044,-0.0250581199531361,-0.763802430763472,0.007502977344512272,0.12087191653178489,-0.03560690879357263,-0.6216722425367937,,,,,,
full_jaccard,2015 onward (out of sample),LS,FF5,140,-7.587601662673986,-0.009105121995208784,-0.624646698147878,0.5322029634515353,0.16967764968574206,-0.059299116169525226,-1.991040265335921,0.04832201992675713,0.8623285758174654,0.0466921389727796,0.9280898655336377,0.20298133781373776,3.3636754241485116,-0.28010771358452113,-4.743692498211054,,
full_jaccard,2015 onward (out of sample),LS,FF5+MOM,140,-11.98960203694548,-0.014387522444334576,-0.9290277250029666,0.35287471823926353,0.22134364258589234,-0.03957990662861111,-1.2792551741150184,0.0923640014697419,1.564735138537952,0.07391390501940191,1.4015158623104522,0.24617407993025275,3.9442753412824065,-0.30677908459370434,-5.046364170916022,0.10327917193398993,2.100163440193714
full_jaccard,2015 onward (out of sample),LS_net,FF5+MOM,140,-15.472890285363578,-0.018567468342436295,-1.1911501197127994,0.23359465714871663,0.22210748142863368,-0.03896693457605019,-1.2684107521651558,0.09411825770274884,1.5965114928588697,0.0757213107995793,1.4412258426411173,0.2457723839871837,3.9269514768624796,-0.3095724919641032,-5.055223173103421,0.10516437884588105,2.1468584290899395
full_jaccard,2015 onward (out of sample),Q1,FF5+MOM,140,33.00261704500648,0.039603140454007785,3.9554056380406775,7.640490162991813e-05,0.9381577508906201,1.0029734067891523,45.33181890171825,0.12886176070141975,3.3677446353160083,0.052194991788697666,1.1603688539654244,-0.01327176588900246,-0.25258808752461825,0.2527312593263641,3.751939723940347,-0.06288100384328475,-1.8435047469070196
full_jaccard,2015 onward (out of sample),Q5,FF5+MOM,140,21.013015008060993,0.025215618009673188,1.8897025393420583,0.05879775430259015,0.9162632080031133,0.963393500160541,31.814012685201227,0.22122576217116172,3.9792410929402307,0.12610889680809953,2.2046796230473182,0.23290231404125034,3.73293007284134,-0.0540478252673403,-0.5487679568460377,0.04039816809070515,0.9201868444428978
full_edit,Full sample,LS,CAPM,246,7.0259588489386,0.00843115061872632,0.5339906534163723,0.593348000627218,0.08406215370059344,-0.11625569637624529,-3.376764028624931,,,,,,,,,,
full_edit,Full sample,LS,FF3,246,7.438389187941906,0.008926067025530287,0.559910184271078,0.5755407017908563,0.0859452772442858,-0.12079181189254137,-3.332356502359644,0.02985701243283668,0.59571412321641,-0.01782371913618778,-0.31771896607855576,,,,,,
full_edit,Full sample,LS,FF5,246,2.9074721597307285,0.0034889665916768746,0.2497831236439832,0.8027550715240079,0.14792472778704668,-0.12177612574512243,-3.8083735374343823,0.07501134791287811,1.7294509671497473,0.01428557677395148,0.21026789162906026,0.20927478421727277,4.519312052543527,-0.13801753693071467,-1.84686613883537,,
full_edit,Full sample,LS,FF5+MOM,246,-0.4249190349132915,-0.0005099028418959499,-0.03601867803148786,0.9712674657015191,0.2108600795041976,-0.09426933815283889,-3.186529176291293,0.10206898062971298,2.3302557539703437,0.07124411994249305,1.18265089186157,0.23701928848263287,4.94999109100411,-0.18518683913889816,-2.6486075766967074,0.11445044954067568,2.597425978074005
full_edit,Full sample,LS_net,FF5+MOM,246,-3.9092967100654685,-0.004691156052078562,-0.3307120802267947,0.7408619765934427,0.21115230918035532,-0.09480448725068677,-3.189864771848717,0.10301742374624626,2.350770414079343,0.07187459684592917,1.1837241024791887,0.23558702422288655,4.939857505485199,-0.18728145972788,-2.655560584938645,0.11548083884189134,2.5935994242551996
full_edit,Full sample,Q1,FF5+MOM,246,33.74576192023876,0.04049491430428652,4.469844396262385,7.827652361907783e-06,0.9334563579380092,1.016350057929081,45.88949870720966,0.1308272795278199,3.344037813339758,0.049031892562448824,1.22916009418386,-0.03464910587153919,-0.7918075577802417,0.16623073283626696,2.3706310273181095,-0.12658339254691017,-3.271321907859266
full_edit,Full sample,Q5,FF5+MOM,246,33.320842885325476,0.03998501146239057,3.942109422953732,8.07681107070123e-05,0.9214403470212434,0.9220807197762422,43.56712228989248,0.23289626015753298,5.600831394465645,0.120276012504942,2.187251933177738,0.20237018261109374,3.9906336398877635,-0.018956106302631268,-0.24310355422027102,-0.012132943006234466,-0.49229634962590724
full_edit,Through 2014 (inside the paper's sample),LS,CAPM,106,31.447365396391103,0.037736838475669325,1.6057635689369156,0.10832586803273622,0.20683073724609058,-0.21232116464162262,-5.47081332217287,,,,,,,,,,
full_edit,Through 2014 (inside the paper's sample),LS,FF3,106,32.21327414102207,0.03865592896922648,1.665098971935329,0.09589301181491391,0.2205204237782672,-0.24002948596959098,-5.3308659194011065,0.1202121224135517,1.5004074920311414,0.00478330153463893,0.03765559477111448,,,,,,
full_edit,Through 2014 (inside the paper's sample),LS,FF5,106,17.027352012331875,0.020432822414798248,1.0035934676661427,0.3155746044771224,0.25936900264104157,-0.1955796259643232,-4.16534453993317,0.15710796609493105,1.9354127269689398,-0.018220930774585198,-0.1189018767006818,0.2784174236984025,2.3061425903492516,0.13511021142050983,0.9305848330704846,,
full_edit,Through 2014 (inside the paper's sample),LS,FF5+MOM,106,19.870902322801385,0.023845082787361666,1.1235356798253284,0.2612100559284092,0.3360970979741028,-0.16701081195064177,-4.397172278587924,0.1541354236647966,2.004288862631333,0.10177465911713733,0.9229825881424701,0.2636139331306819,2.680811071656471,0.026767529581703756,0.22313339954186112,0.13739560103151102,2.388789066095561
full_edit,Through 2014 (inside the paper's sample),LS_net,FF5+MOM,106,16.460634737000664,0.019752761684400794,0.9361116674695269,0.3492156964024521,0.33765257601606535,-0.1693680286086276,-4.41800652642887,0.1531728843042313,1.9953594677256528,0.09858197828857121,0.8896209991273875,0.25571976299163823,2.6110793760945366,0.028500252587943222,0.24039546065568757,0.13757607219011012,2.3740237253658516
full_edit,Through 2014 (inside the paper's sample),Q1,FF5+MOM,106,35.21755650359768,0.042261067804317216,2.5186719516278333,0.011779834992088747,0.9466180710455759,1.0399727938019865,35.16523158145106,0.11767044362060594,1.8472473488126533,-0.06330933909957287,-1.0859599888752982,-0.18348241551736902,-1.8025448513788755,0.06885503219192882,0.6024044491672168,-0.19189886027795056,-5.095450354710346
full_edit,Through 2014 (inside the paper's sample),Q5,FF5+MOM,106,55.08845882639908,0.0661061505916789,4.3257190748971475,1.5203508230052711e-05,0.9261953094953361,0.8729619818513447,31.919865217214095,0.2718058672854026,4.732050000431354,0.038465320017564336,0.49045463979446074,0.08013151761331297,0.9812165434932758,0.09562256177363254,1.0098000834177525,-0.05450325924643957,-1.8932427322395744
full_edit,2015 onward (out of sample),LS,CAPM,140,-14.530876271673419,-0.017437051526008104,-1.1234630646705268,0.26124087879608693,0.012931300319076189,-0.038302020733334524,-1.1131224121488599,,,,,,,,,,
full_edit,2015 onward (out of sample),LS,FF3,140,-15.241699976093233,-0.01829003997131188,-1.1749888626313938,0.2399991716072375,0.014441475476711152,-0.03405148536328232,-0.8604100496461419,-0.021707727858602987,-0.35831472119837965,0.010739638626279453,0.19061449050715007,,,,,,
full_edit,2015 onward (out of sample),LS,FF5,140,-16.39752797059853,-0.019677033564718234,-1.3794894189662072,0.16774390637088699,0.11343574077919405,-0.059629395767304826,-1.74860401223652,0.008251204322941732,0.15904501372586957,0.0727126451954918,1.2178878750979305,0.15015697335214362,3.2115979962761756,-0.20970591040704104,-3.185687575246877,,
full_edit,2015 onward (out of sample),LS,FF5+MOM,140,-19.647789054844495,-0.023577346865813392,-1.6423797172496397,0.10051133566451576,0.14499378086003023,-0.04506951981692367,-1.2753796411071239,0.04077004269444721,0.8416701137559602,0.09281210891723819,1.4705165137631597,0.1820487672837633,3.678023806181181,-0.22939898443795365,-3.182367593529315,0.07625721145145219,2.051731798736647
full_edit,2015 onward (out of sample),LS_net,FF5+MOM,140,-23.14267743822577,-0.027771212925870925,-1.922088530863045,0.05459461897108513,0.14519187883749363,-0.044416483026819546,-1.2543693552251576,0.04247017612225166,0.8776113422490378,0.09491086722584215,1.4891012815374842,0.18173863394654868,3.685361901057161,-0.23264595969291452,-3.192553366044393,0.07799980482975656,2.081731444578593
full_edit,2015 onward (out of sample),Q1,FF5+MOM,140,34.75659769068923,0.04170791722882708,5.3112451681392,1.0887873863332847e-07,0.9342783793471218,0.9953112852228603,35.017892304539735,0.1781966543713687,4.1043209239885945,0.0722544711897913,1.5209750931701735,0.05221252359057615,1.2297734012531367,0.15932973302641362,1.9960877055107447,-0.04266502713356422,-1.3478231895150299
full_edit,2015 onward (out of sample),Q5,FF5+MOM,140,15.108808635844738,0.018130570363013687,1.5221433466222454,0.12797316683618784,0.9251425389879554,0.9502417654059364,32.78928525838821,0.2189666970658159,4.655920698079698,0.16506658010702954,2.4758359568355712,0.23426129087433945,4.229735728297035,-0.07006925141154012,-0.7184378013312279,0.033592184317888005,0.8890876310347771
item1a_cosine,Full sample,LS,CAPM,234,16.183004741039078,0.019419605689246895,1.5847400430465954,0.11302540988220075,0.03027034666941064,0.05976816547982998,2.373277471653952,,,,,,,,,,
item1a_cosine,Full sample,LS,FF3,234,14.40915269187429,0.01729098323024915,1.566883131184452,0.11714201130736834,0.2237491944238752,0.05789625777173457,2.5631329680986426,0.10635121131373658,3.044649841373684,-0.22329063441651417,-5.385135682988676,,,,,,
item1a_cosine,Full sample,LS,FF5,234,17.16343852802971,0.020596126233635655,1.8801439278124312,0.060088465067251774,0.2501189862440546,0.04214848358266257,1.9142903623477039,0.09063716583125092,2.582592128837838,-0.15813420567166545,-3.5407731876877717,-0.026131845525172667,-0.4200536103489616,-0.15635456702022255,-2.8005225755349272,,
item1a_cosine,Full sample,LS,FF5+MOM,234,15.25573838169806,0.018306886058037673,1.7443209140154536,0.08110314679785033,0.2721690004536693,0.05616189474963113,2.383532758080868,0.10548391214904827,2.8761295918221537,-0.12861815509258018,-2.8961578327011606,-0.010824254878898622,-0.17725297769188927,-0.18235953358877285,-3.37850578065205,0.058380468313709896,2.753391527690572
item1a_cosine,Full sample,LS_net,FF5+MOM,234,11.552311233518315,0.013862773480221979,1.3147415517644914,0.1885967767109311,0.27415297978165054,0.05564638782927102,2.357972240433117,0.10667026355666225,2.904243048874257,-0.12713966063588936,-2.893796488879566,-0.011884037803738147,-0.19482720734824224,-0.18594660976394292,-3.469829145915528,0.059774185113550406,2.802317258889669
item1a_cosine,Full sample,Q1,FF5+MOM,234,31.00156540677172,0.03720187848812606,3.1407325307465093,0.0016852586469829134,0.9215667451065392,0.9495228440819333,40.387775071704205,0.11410905009052817,3.097387846899605,0.16067226724558936,3.608920389958211,0.06308007322058176,1.1190995966213635,0.16869298916521355,1.9518169132612588,-0.10955693996796463,-2.6425568838898186
item1a_cosine,Full sample,Q5,FF5+MOM,234,46.257303788469784,0.05550876454616374,5.546339434683154,2.9171226151242927e-08,0.9355627992252727,1.0056847388315646,41.5199296427247,0.21959296223957642,5.597408630185071,0.03205411215300917,0.6997787781175555,0.05225581834168317,1.0118329244685362,-0.013666544423559303,-0.17480896112652494,-0.051176471654254804,-1.4241661007782547
item1a_cosine,Through 2014 (inside the paper's sample),LS,CAPM,94,5.465815933926559,0.006558979120711871,0.45105923017406957,0.6519468606402438,0.006312120027821555,0.02546708364326156,0.7932906204675978,,,,,,,,,,
item1a_cosine,Through 2014 (inside the paper's sample),LS,FF3,94,-0.08470226589350062,-0.00010164271907220074,-0.006826604194229628,0.9945532002165153,0.09297746279670671,0.03369982620670722,1.1884140434214832,0.13573343291419193,2.0879163273002583,-0.16910977675111688,-1.397367262098416,,,,,,
item1a_cosine,Through 2014 (inside the paper's sample),LS,FF5,94,-6.000100383323902,-0.0072001204599886825,-0.3946809254237891,0.6930783816357189,0.16295196788376853,0.05385868229172407,1.4861567657494075,0.16570009079230974,2.560959876255886,-0.09210073924402526,-0.9589770878025015,0.2422723350476357,1.8660784259562584,-0.22153495817835223,-1.7170388780812174,,
item1a_cosine,Through 2014 (inside the paper's sample),LS,FF5+MOM,94,-5.036030199880751,-0.006043236239856902,-0.381856955937287,0.7025674693701429,0.18545089934988923,0.06458909687881272,1.6563563027302322,0.1663609978843746,2.3477182276192594,-0.0428079438803099,-0.44124901519106896,0.24245701657664717,1.8310288826831,-0.27142642176982174,-2.1923672020010962,0.05169403654727861,1.531376378731665
item1a_cosine,Through 2014 (inside the paper's sample),LS_net,FF5+MOM,94,-8.560937861366495,-0.010273125433639795,-0.6392514199059623,0.5226593862190451,0.18462237455389807,0.06186328534710233,1.5913694424168778,0.16634150108131954,2.3584613663957357,-0.04384341475468002,-0.4510211192001135,0.23515016381338757,1.7667694069778699,-0.27425808880661207,-2.2334762123467686,0.05242193308016989,1.5237613589992403
item1a_cosine,Through 2014 (inside the paper's sample),Q1,FF5+MOM,94,61.53697959449566,0.07384437551339479,4.459189962339999,8.226998303535108e-06,0.94674727301883,0.9532945375218332,46.13637624462239,0.17547972098877793,2.60104912066276,0.08306529619786063,1.3942447126597965,-0.11474051378204267,-1.1326000879873404,0.042220461298398494,0.25261726408787927,-0.16826497260415973,-6.142016892241094
item1a_cosine,Through 2014 (inside the paper's sample),Q5,FF5+MOM,94,56.50094939461493,0.06780113927353791,4.185262637267434,2.8483657339792995e-05,0.9495468538685409,1.0178836344006459,26.75759814948538,0.34184071887315265,4.052494057675647,0.040257352317550885,0.4482001050686307,0.1277165027946044,1.0640088023876353,-0.22920596047142325,-1.8788294900255325,-0.116570936056881,-5.167881313798712
item1a_cosine,2015 onward (out of sample),LS,CAPM,140,22.407651723500553,0.026889182068200665,1.4749493549529864,0.1402261598222654,0.05574331096920959,0.08477202264873542,2.2646569310342004,,,,,,,,,,
item1a_cosine,2015 onward (out of sample),LS,FF3,140,25.300678689966254,0.030360814427959508,2.142022412343935,0.032191678558285045,0.3184899081983541,0.06061285677935083,2.078886641003422,0.10365512162017085,2.700610529171709,-0.24071802511033122,-8.162552995815524,,,,,,
item1a_cosine,2015 onward (out of sample),LS,FF5,140,26.816017576048683,0.03217922109125842,2.313961485398932,0.020669834894653207,0.3587611567591925,0.051055857295577885,1.8618772736293472,0.061167057414103325,1.886094573628762,-0.16759494486861476,-4.189769891930647,-0.09195672780174348,-1.4311353863933938,-0.12534866537949294,-2.122067976548764,,
item1a_cosine,2015 onward (out of sample),LS,FF5+MOM,140,24.180333123285475,0.02901639974794257,2.0849345023592263,0.03707524629452443,0.3770231931082523,0.06286267455791612,2.222918381324323,0.08753706108338767,2.3171929123185,-0.1512959945174997,-4.151314601363839,-0.06609520367873586,-0.9881707413839793,-0.14131806836129493,-2.5637333987950037,0.061838092825180144,2.187920752927744
item1a_cosine,2015 onward (out of sample),LS_net,FF5+MOM,140,20.41833729841396,0.024502004758096753,1.7499193262999688,0.08013223533139184,0.3780459044526785,0.06372883222803549,2.2355854934307846,0.0891591015517688,2.3339162648657275,-0.14895127035672984,-4.120575380705029,-0.066378946559479,-0.9890667094417352,-0.1448521164377772,-2.63013350507655,0.06375287706470208,2.2573049469018125
item1a_cosine,2015 onward (out of sample),Q1,FF5+MOM,140,12.296632545226094,0.014755959054271312,1.2003939959157177,0.22998635958941815,0.9164509943010154,0.9339099530244189,27.31219108629587,0.125135930972645,3.151316819695568,0.17973508404743033,3.3814042944353013,0.14773249852212963,2.523938731157434,0.16056507130448186,1.6096420185123175,-0.027445703653159285,-0.7877768556248288
item1a_cosine,2015 onward (out of sample),Q5,FF5+MOM,140,36.476965668511575,0.04377235880221389,4.020033157434185,5.818995101162368e-05,0.9389663452863674,0.9967726275823349,36.860647003273165,0.21267299205603274,5.472580549885426,0.028439089529930673,0.5573130302118859,0.08163729484339374,1.4183332041916248,0.019247002943186958,0.22051705355459897,0.03439238917202088,1.2078019867600136
item1a_jaccard,Full sample,LS,CAPM,234,11.763988068827151,0.014116785682592581,0.9108408851051223,0.362379216768566,0.010077752570612275,-0.03756127901681147,-1.0468238901863507,,,,,,,,,,
item1a_jaccard,Full sample,LS,FF3,234,8.463445578144176,0.010156134693773012,0.6991910235857624,0.4844326595993613,0.16341719635986063,-0.024210714212257674,-0.9617794153452648,0.02332238602656319,0.4927958013114439,-0.20939118500133883,-3.649852924299526,,,,,,
item1a_jaccard,Full sample,LS,FF5,234,8.801527783500978,0.010561833340201172,0.7095599143446507,0.4779770849791424,0.17390910247935087,-0.03238945691567845,-1.302066249218372,0.025573580076816923,0.6241063974099559,-0.16929090012616033,-2.8890963302536816,0.0339162513338741,0.4877253410627097,-0.10957911707042936,-1.5696585387098871,,
item1a_jaccard,Full sample,LS,FF5+MOM,234,4.967454882933841,0.005960945859520609,0.40435812446515396,0.6859493889442312,0.24898746361807644,-0.0042254710277022465,-0.16396200054610124,0.05541239296788646,1.4705134344856192,-0.10996989526350467,-1.8967391374176699,0.06468126363557442,0.974471025368561,-0.16184358735017862,-2.3770831391458187,0.11733236584083123,2.0847457808695986
item1a_jaccard,Full sample,LS_net,FF5+MOM,234,1.2794063730994292,0.001535287647719315,0.10357801185534946,0.9175042377882627,0.25009089828649544,-0.004849547962591884,-0.1884397018789674,0.056694382020910365,1.5061757625820034,-0.10860003453921258,-1.899093411999469,0.06356086035679191,0.9625360805849439,-0.16508543434096895,-2.413988395757249,0.11882438886005317,2.094103540309211
item1a_jaccard,Full sample,Q1,FF5+MOM,234,33.37609344336072,0.04005131213203287,2.8588122792556088,0.004252303398377158,0.9180665640472245,0.9656921318950548,41.79967323885288,0.15886279520808408,4.706167170304441,0.13232060295647918,2.6369756247213716,0.0667584289015479,1.2664320354062568,0.20680944699561257,2.4249446149738922,-0.1411226174204173,-2.011157412960146
item1a_jaccard,Full sample,Q5,FF5+MOM,234,38.343548326294574,0.046012257991553486,5.52303520077591,3.3319294842414636e-08,0.934540955211437,0.9614666608673526,50.151443096710025,0.2142751881759706,6.006019892067962,0.022350707692974477,0.4855908456899574,0.13143969253712232,2.1296858811505457,0.04496585964543392,0.6461231083302289,-0.02379025157958607,-0.8437880896872135
item1a_jaccard,Through 2014 (inside the paper's sample),LS,CAPM,94,3.815685413726316,0.004578822496471579,0.1738511590242771,0.8619824374429014,0.06135026636470031,-0.09637163609300367,-1.7614596768292519,,,,,,,,,,
item1a_jaccard,Through 2014 (inside the paper's sample),LS,FF3,94,1.6686448395573321,0.0020023738074687984,0.07333277592391203,0.9415413104893651,0.0682220187406658,-0.08330322938148398,-2.125111261051943,0.0037975953048928522,0.04868310908986245,-0.062495829434495484,-0.43819818418195167,,,,,,
item1a_jaccard,Through 2014 (inside the paper's sample),LS,FF5,94,-10.486444149069651,-0.012583732978883582,-0.4369759868643858,0.6621287630122266,0.10345443184247338,-0.04730102406106196,-1.145679088826088,0.027622139448911363,0.326701121957629,-0.08661752345550708,-0.5385481569711135,0.2103211974109058,1.5525871674215195,0.13361946471095018,0.7337767465312923,,
item1a_jaccard,Through 2014 (inside the paper's sample),LS,FF5+MOM,94,-7.425043874722747,-0.008910052649667297,-0.399571034785297,0.6894724940371446,0.25744211796191796,-0.013226643663298543,-0.353148937415293,0.029720846770965127,0.5050530848660767,0.06991151337344848,0.6239574952507497,0.21090765272639247,1.7806525303947636,-0.024810640222967636,-0.18536391645480502,0.16415416676698757,2.218696466804128
item1a_jaccard,Through 2014 (inside the paper's sample),LS_net,FF5+MOM,94,-10.944923585540936,-0.013133908302649124,-0.5819659890418629,0.5605895900922084,0.2571228625262375,-0.01620077266106735,-0.43087291748992873,0.029830779551984217,0.506184990914594,0.0687756585202974,0.6100374754271635,0.20375155703028627,1.713550194503197,-0.026975795668338937,-0.20093468790806623,0.16496651722286995,2.2056314214108537
item1a_jaccard,Through 2014 (inside the paper's sample),Q1,FF5+MOM,94,61.2089593215188,0.07345075118582256,4.162778886565214,3.14397785324407e-05,0.9382446593709415,0.9698663006892645,34.424427754072866,0.24256179061870448,3.196988660490059,-0.028049133054112104,-0.3752112269716477,-0.06460968371693955,-0.5400830195952094,0.06472967396180866,0.4571020684012318,-0.23777684248924078,-3.4845452173520446
item1a_jaccard,Through 2014 (inside the paper's sample),Q5,FF5+MOM,94,53.78391544679603,0.06454069853615524,3.9294599428338257,8.51368571553356e-05,0.9521570342680078,0.9566396570259659,30.76807909802904,0.27228263738966973,5.206129130617227,0.04186238031933633,0.551037105005692,0.14629796900945297,1.2897966519767086,0.039919033738840884,0.40365534381846063,-0.07362267572225321,-4.061550551077679
item1a_jaccard,2015 onward (out of sample),LS,CAPM,140,15.316413510309825,0.01837969621237179,0.9101720316339732,0.3627317915156565,0.0003221192693597663,0.00649151954960362,0.13947232223251516,,,,,,,,,,
item1a_jaccard,2015 onward (out of sample),LS,FF3,140,16.10139969792047,0.019321679637504564,1.4471022402720493,0.14786829068571514,0.3028993944166568,-0.006556173257257051,-0.2299082597684477,0.04261157593539496,0.7526663571339715,-0.25177706061475535,-5.627160856451471,,,,,,
item1a_jaccard,2015 onward (out of sample),LS,FF5,140,16.514640247364124,0.019817568296836948,1.5015759749509041,0.1332066518771696,0.32691955287553254,-0.020900808728584533,-0.7595673936298237,0.030150249633925003,0.6700355512443036,-0.18978328370935238,-4.482065130459412,0.0035003325472993093,0.04517091327899092,-0.14322449569243648,-2.275643839000158,,
item1a_jaccard,2015 onward (out of sample),LS,FF5+MOM,140,13.375086537480696,0.016050103844976835,1.1608846243312703,0.24568882247593393,0.35245447304360744,-0.00683685775030023,-0.2343693278997463,0.061561461534781176,1.3345194407100496,-0.17036842925346352,-4.142652077706858,0.034305857813611895,0.4944043895785187,-0.16224680252570503,-2.5081985163293345,0.07365980913908839,1.8752982857326896
item1a_jaccard,2015 onward (out of sample),LS_net,FF5+MOM,140,9.624175451571679,0.011549010541886015,0.8305317234690773,0.4062382194178855,0.35250692167488173,-0.005959809805761818,-0.2036335824453923,0.06321248334058618,1.366591327934173,-0.16808506795878458,-4.187387523373648,0.03382595494211521,0.48883704085087065,-0.1654603447073005,-2.5244139594513677,0.07564321710573871,1.9394208809506897
item1a_jaccard,2015 onward (out of sample),Q1,FF5+MOM,140,12.446152244796004,0.014935382693755205,1.1779171306180114,0.23882964497942472,0.9249679804263693,0.9641537325570343,31.19559273755596,0.16261188806895918,4.842643640898295,0.18625190216370593,3.6914014503814734,0.1367787683537697,2.383104711357975,0.19573815056988803,2.0501852255338915,-0.029102998835091116,-0.9250700708419171
item1a_jaccard,2015 onward (out of sample),Q5,FF5+MOM,140,25.821238782276694,0.03098548653873203,3.1482412438337497,0.0016425607356368257,0.9285586849269567,0.9573168748067343,42.279983463610016,0.2241733496037403,5.044349263408793,0.01588347291024233,0.28959347499368615,0.17108462616738151,2.4976188533681176,0.033491348044182974,0.3737623481425654,0.04455681030399725,1.2592492879568138
item1a_edit,Full sample,LS,CAPM,234,3.3381309915552397,0.004005757189866288,0.3108929415378911,0.7558820106087352,0.06837213989717317,-0.09065330437433819,-3.726832633658154,,,,,,,,,,
item1a_edit,Full sample,LS,FF3,234,3.180856593704781,0.003817027912445737,0.29111804757878496,0.77096103745116,0.07315301231144244,-0.09205946665625508,-3.574434188638799,0.022290006389518804,0.48894825686821364,-0.03498008321313318,-0.8087240572010137,,,,,,
item1a_edit,Full sample,LS,FF5,234,1.304493690742489,0.0015653924288909868,0.1203181804016546,0.9042311028531126,0.07878824058180323,-0.08773849850143743,-3.499390227533082,0.037283372362305875,0.9136750078433277,-0.0464354791955525,-0.9448948700198683,0.055886157327592834,1.0963867178207432,0.013792787022169014,0.2335526964832736,,
item1a_edit,Full sample,LS,FF5+MOM,234,-1.9378885713125993,-0.002325466285575119,-0.18678736499493115,0.8518273538401103,0.14132731203714066,-0.06392090018231414,-2.258417833976754,0.06251733117004611,1.717673159103767,0.003730852776253944,0.07951403035970916,0.0819033804649473,1.6647792404223,-0.030406005167123277,-0.5298149292707445,0.09922512994236338,2.313857272903465
item1a_edit,Full sample,LS_net,FF5+MOM,234,-5.7784447724727945,-0.006934133726967353,-0.5531476602788521,0.5801623033524688,0.1425095845865233,-0.06448717031739949,-2.267694452771734,0.06408717191240894,1.770793527427092,0.004943101365283667,0.10654154826776331,0.08075712919934915,1.6535820658523581,-0.034113558208621206,-0.5985407160259562,0.10073285660833756,2.3258954357679142
item1a_edit,Full sample,Q1,FF5+MOM,234,40.149530236015735,0.048179436283218885,3.8335331577035454,0.00012631576523209872,0.9168660807866482,1.0048387621756294,34.03344477474957,0.12763639399442886,3.4985551196929716,0.062064568175720036,1.1857779065611038,0.05602715462405547,1.041407689971474,0.12542271715463224,1.5406473549749176,-0.11393947869578286,-1.929007438449578
item1a_edit,Full sample,Q5,FF5+MOM,234,38.21164166470314,0.04585396999764377,5.323256484986103,1.0192587056515593e-07,0.9308951920214805,0.9409178619933152,49.93048665744773,0.19015372516447493,4.79358927064348,0.06579542095197403,1.611145600891227,0.1379305350890027,2.7819488967219455,0.09501671198750898,1.3327811614181584,-0.014714348753419508,-0.5074787054362793
item1a_edit,Through 2014 (inside the paper's sample),LS,CAPM,94,6.520828007379326,0.007824993608855193,0.29570223374882687,0.7674574911536092,0.11655270695700559,-0.1410952779084236,-3.5522440742838417,,,,,,,,,,
item1a_edit,Through 2014 (inside the paper's sample),LS,FF3,94,7.794169689128715,0.009353003626954457,0.350875352510821,0.7256818631964135,0.12049755656345562,-0.15620511822859914,-3.39215261528196,0.03401407074880196,0.4381415341396317,0.03489092970014725,0.2450960037740203,,,,,,
item1a_edit,Through 2014 (inside the paper's sample),LS,FF5,94,-8.015709089759195,-0.009618850907711033,-0.34051360116878643,0.7334697818607617,0.17453743816027123,-0.10992258793334976,-2.537596585169575,0.061207890492267804,0.7969149978595601,-0.014812204253837467,-0.10783796863646716,0.24466436401565106,1.6608892171308056,0.2329778593161279,1.4403652443432864,,
item1a_edit,Through 2014 (inside the paper's sample),LS,FF5+MOM,94,-5.582638750813967,-0.00669916650097676,-0.2988895734693719,0.765024302841883,0.2607428449728546,-0.08284172400370957,-1.6234065036188794,0.0628758535411399,1.0825207400592372,0.10959039670089216,1.002252937267028,0.24513045368226022,1.6162404036287237,0.10706437053099675,0.7543702440538466,0.13046272894200836,2.3819979948887866
item1a_edit,Through 2014 (inside the paper's sample),LS_net,FF5+MOM,94,-9.18178067774275,-0.0110181368132913,-0.4879644818000724,0.6255749994391099,0.260394370417771,-0.08562825935819394,-1.6669144339109259,0.06306595573730048,1.0796239105402423,0.10825627265752724,0.9850259100521155,0.23809005142400444,1.5613254568389932,0.10530766491346406,0.7421906987911527,0.1312976777997672,2.362649067806376
item1a_edit,Through 2014 (inside the paper's sample),Q1,FF5+MOM,94,60.38209944163707,0.07245851932996447,4.821052337285881,1.4280288150722237e-06,0.9348497612282489,1.0115621877088876,23.101624745802333,0.19501149615409974,3.179533108036799,-0.10174630888370635,-1.3386271521980784,-0.14238918527877847,-1.2311958585407405,0.007067196783849266,0.045942492010217786,-0.20716750086804925,-4.002307428386312
item1a_edit,Through 2014 (inside the paper's sample),Q5,FF5+MOM,94,54.79946069082307,0.06575935282898768,4.222293732556603,2.4182867367950426e-05,0.9517279023687218,0.928720463705178,27.196197496862837,0.25788734969523963,5.7113601287555325,0.007844087817185933,0.13206669214026875,0.10274126840348187,1.0357500720988104,0.11413156731484608,1.2002153635506527,-0.0767047719260408,-5.797782086843308
item1a_edit,2015 onward (out of sample),LS,CAPM,140,-0.44351501910027324,-0.0005322180229203278,-0.05100146104067717,0.959324356323045,0.032887599875990325,-0.051734530124592795,-2.337826877732275,,,,,,,,,,
item1a_edit,2015 onward (out of sample),LS,FF3,140,0.051727318618674335,6.207278234240921e-05,0.006347809320926884,0.9949352149619195,0.046437853158925346,-0.055946385900056454,-2.2296735886385886,0.01791414432757518,0.3246973273092189,-0.04339495508798521,-1.2744936031822016,,,,,,
item1a_edit,2015 onward (out of sample),LS,FF5,140,0.14541934308335447,0.00017450321170002538,0.017739736238416907,0.9858464806944854,0.047669127364433406,-0.05842520648329783,-2.2165135450937568,0.01514647876346298,0.2950465995021813,-0.032110356280871784,-0.7521640951141153,-0.001089415101721266,-0.029480750787294285,-0.025287620848479686,-0.42826050470611066,,
item1a_edit,2015 onward (out of sample),LS,FF5+MOM,140,-2.378086698437317,-0.0028537040381247806,-0.29720193006990914,0.7663123484302675,0.07418796981197706,-0.047120903852759764,-1.5890898917220901,0.04039413824887415,0.7793579208953991,-0.016505112019419503,-0.3871456982768428,0.023671406437032947,0.6976019876168044,-0.04057734373689475,-0.6520342571690859,0.059206177232957825,1.4237583530708997
item1a_edit,2015 onward (out of sample),LS_net,FF5+MOM,140,-6.339888615035191,-0.007607866338042229,-0.7834812474863204,0.433344561526971,0.07485625431497467,-0.04625891353711985,-1.547389286185718,0.04237799920707539,0.8227259652354058,-0.01433467657866956,-0.3405356863915784,0.023178030391555852,0.6914779003657737,-0.04453067872363724,-0.7226130680916403,0.06120394943986542,1.4801234843820361
item1a_edit,2015 onward (out of sample),Q1,FF5+MOM,140,26.406962247382125,0.03168835469685855,3.026571540140978,0.00247344282894522,0.9251849650068996,0.9926356409308201,30.376593564593485,0.14810324217572784,3.9016288188941424,0.10585535185111213,1.8600681992943187,0.15274881106805818,3.41442452856573,0.11049888470862454,1.1861290487104867,-0.0018625830842240259,-0.05164713798578046
item1a_edit,2015 onward (out of sample),Q5,FF5+MOM,140,24.028875548944804,0.028834650658733765,2.978928512281087,0.0028925825553615726,0.9229747738395974,0.9455147370780604,44.14060421286072,0.18849738042460204,3.4581700501706893,0.08935023983169268,1.6849933479194383,0.17642021750509107,3.32297342602983,0.06992154097172978,0.7647029420247288,0.05734359414873378,1.515069870244176
item7_cosine,Full sample,LS,CAPM,246,-19.983277703481733,-0.023979933244178075,-1.4790595745635506,0.13912439327367238,0.04056986269614282,-0.08342769113914882,-2.369612078417543,,,,,,,,,,
item7_cosine,Full sample,LS,FF3,246,-19.152977768856296,-0.022983573322627553,-1.658305397029859,0.09725584023121558,0.2223181316799514,-0.07981358757121113,-2.5591854299456327,-0.12283114127779615,-2.5048266628640423,0.25860970023116986,5.237145310517338,,,,,,
item7_cosine,Full sample,LS,FF5,246,-23.305021190106217,-0.02796602542812746,-2.017003965036887,0.04369509953541392,0.24573775644062368,-0.07293529000554828,-2.225198034490573,-0.08738763498227958,-1.7956416352531903,0.24725560923545184,5.134147526141974,0.14235335797100354,2.795809947618917,-0.009730095456173185,-0.1518223463498051,,
item7_cosine,Full sample,LS,FF5+MOM,246,-24.591733039047362,-0.029510079646856834,-2.1762978189363595,0.029532998532846754,0.2545311470956808,-0.0623142952141242,-1.7217886950584498,-0.0769400690791501,-1.6750254953045356,0.2692485950863293,5.122398546250802,0.15306614056346082,2.813485783501442,-0.0279432332639761,-0.4526533009634796,0.04419191533615013,1.8326131325975044
item7_cosine,Full sample,LS_net,FF5+MOM,246,-28.224629515960462,-0.033869555419152556,-2.493690982840613,0.012642255298528079,0.25389999134396324,-0.06281333489214957,-1.7459784370060123,-0.07627611059245572,-1.6590507532767038,0.27016720687753076,5.162499375939385,0.15195022832002417,2.7938747122176304,-0.03045936965638119,-0.4958239227596627,0.04518649170030035,1.8555040690796434
item7_cosine,Full sample,Q1,FF5+MOM,246,49.42471783819455,0.059309661405833464,5.087554457292563,3.627102532629501e-07,0.9210972964715303,1.0173962094947384,46.53740524409934,0.21866841443658547,4.311625017617825,-0.05277550435890252,-1.1196168272306741,-0.011839553080377466,-0.22650863428933188,0.0468596171953966,0.6338184944584299,-0.08919925720140505,-1.8141494530243534
item7_cosine,Full sample,Q5,FF5+MOM,246,24.83298479914721,0.02979958175897665,3.2162078447231686,0.0012989671802418937,0.923530692780106,0.9550819142806144,34.67832114447874,0.14172834535743542,3.4997179257948323,0.2164730907274269,5.54602266118531,0.14122658748308334,3.078972709946239,0.01891638393142048,0.30374837209514566,-0.04500734186525492,-0.9674990640705656
item7_cosine,Through 2014 (inside the paper's sample),LS,CAPM,106,-20.12733493001084,-0.02415280191601301,-0.8863944904067033,0.375404987102107,0.01881926320779992,-0.060291805165767945,-0.9977096988607823,,,,,,,,,,
item7_cosine,Through 2014 (inside the paper's sample),LS,FF3,106,-15.544704949551486,-0.018653645939461783,-0.8045872046704108,0.4210579282697807,0.16269506734336114,-0.05648899444573397,-1.3812503742621478,-0.2633872922330368,-2.707915842280033,0.26018125915924545,2.7110624860044896,,,,,,
item7_cosine,Through 2014 (inside the paper's sample),LS,FF5,106,-30.656269781491286,-0.03678752373778954,-1.4027540987011484,0.16069017899679594,0.21274352792950968,-0.010750789543329671,-0.1772683021450565,-0.22098759179571634,-2.4488106311062534,0.26416879940986415,2.9511930965660778,0.3223590173718618,2.3626832843427534,0.0434516854021194,0.2840498327771555,,
item7_cosine,Through 2014 (inside the paper's sample),LS,FF5+MOM,106,-29.133432721535662,-0.0349601192658428,-1.4689242241935176,0.14185334337352432,0.23757468727730602,0.004548974480120645,0.06577137692993115,-0.2225795093919096,-2.7960389704879884,0.3284313273649585,3.444084473074819,0.31443114496172125,2.2590650971438273,-0.014570235459127055,-0.10019684388196012,0.07358094293433276,2.2914941130908395
item7_cosine,Through 2014 (inside the paper's sample),LS_net,FF5+MOM,106,-32.85809516305691,-0.03942971419566829,-1.6436752410191935,0.10024330283660045,0.23501085255403242,0.001965787210809259,0.028396819512423448,-0.2238006638237379,-2.8125721047155574,0.3244228033082372,3.390965086696629,0.3061922340834457,2.186250980727616,-0.012263734308181146,-0.08440483747565347,0.07344671404987652,2.277066959239245
item7_cosine,Through 2014 (inside the paper's sample),Q1,FF5+MOM,106,63.242580953055125,0.07589109714366615,5.4294234636201475,5.653639199233232e-08,0.937904844039713,0.9924664496281076,27.669414211259095,0.4360330414648229,4.854000659933727,-0.17162142960966312,-2.4027952966457433,-0.12382015906163903,-1.8383545903321814,-0.05266724630865882,-0.3690224855240264,-0.19085331276866818,-7.202432061341035
item7_cosine,Through 2014 (inside the paper's sample),Q5,FF5+MOM,106,34.109148231519455,0.04093097787782335,2.414851587054824,0.01574162234776473,0.9496432454417983,0.997015424108228,22.302971476987228,0.21345353207291334,4.417108753907644,0.15680989775529525,2.730969205128983,0.19061098590008238,1.6488664043324819,-0.06723748176778604,-0.7043393740810776,-0.11727236983433537,-3.563054612168048
item7_cosine,2015 onward (out of sample),LS,CAPM,140,-19.212741792771954,-0.023055290151326343,-1.236572197547458,0.2162459469077147,0.06639723659813623,-0.10143719400505209,-2.820279327626195,,,,,,,,,,
item7_cosine,2015 onward (out of sample),LS,FF3,140,-20.64089813819177,-0.024769077765830122,-1.7643671633731357,0.07767018287994631,0.3103254893719196,-0.0849612582312428,-2.277952642887744,-0.06132116319948653,-1.3109487982929877,0.24949702778617458,5.142447988537442,,,,,,
item7_cosine,2015 onward (out of sample),LS,FF5,140,-21.976059510611076,-0.02637127141273329,-1.8303254875343704,0.06720128235967622,0.3319218231430944,-0.08988085283677613,-2.5145693958004935,-0.02487900363121746,-0.5091925281525325,0.2328598259194057,5.266335800784632,0.11349998380420365,1.7986975545989001,-0.01347692130400621,-0.217474311028277,,
item7_cosine,2015 onward (out of sample),LS,FF5+MOM,140,-22.75489963398279,-0.027305879560779348,-1.8614330971781885,0.06268304030317079,0.3332483831126608,-0.0863919590871523,-2.407867123365525,-0.017086713894270612,-0.3436440012674959,0.23767613710149077,5.063141553336092,0.12114201872891799,1.8491783535252415,-0.01819585181766437,-0.3030988225408652,0.018273047744596628,0.509240620656446
item7_cosine,2015 onward (out of sample),LS_net,FF5+MOM,140,-26.28916595410492,-0.031546999144925904,-2.1488000684031356,0.03165025198680461,0.3328610900364293,-0.08550371531643344,-2.3960116469955506,-0.015688318363638362,-0.31488883992192246,0.24047768868935107,5.095464230629707,0.12121287686638521,1.8448778645683732,-0.022126184952664704,-0.37121129549806725,0.020123826836817675,0.558007762604406
item7_cosine,2015 onward (out of sample),Q1,FF5+MOM,140,36.74415492575307,0.04409298591090369,4.151404396802904,3.304412957988647e-05,0.9355469631020633,1.0162441337866404,42.60938374142532,0.16566235930264683,3.569429356390089,-0.0019439997840945225,-0.04311292554660068,0.06229733964673513,1.0379907822952121,0.025433003641959516,0.3103064676810591,0.02523040331733748,0.9336332008342481
item7_cosine,2015 onward (out of sample),Q5,FF5+MOM,140,13.98925529177029,0.016787106350124346,1.4365312884154506,0.1508512197579646,0.9151213533435745,0.9298521746994881,32.65561915966913,0.14857564540837623,2.7815532029488574,0.23573213731739623,4.56000624215882,0.18343935837565303,3.4927390226799586,0.007237151824295219,0.09424367398296739,0.04350345106193415,1.2462710074660337
item7_jaccard,Full sample,LS,CAPM,246,-16.2312300759167,-0.019477476091100038,-1.135120273651617,0.2563249281393306,0.04286825508196024,-0.0910467481551038,-2.854977615053105,,,,,,,,,,
item7_jaccard,Full sample,LS,FF3,246,-17.361373133644577,-0.02083364776037349,-1.2246964037682573,0.22068962961745686,0.07886694577633258,-0.07610930700740914,-2.3550643845805914,-0.11780400652758027,-2.415827814529018,0.10677629564886135,2.0899014428420895,,,,,,
item7_jaccard,Full sample,LS,FF5,246,-21.156911888548557,-0.025388294266258268,-1.6503687010649228,0.09886754862937619,0.12801090888274802,-0.07997264464181648,-2.4324992260501586,-0.07766025438124939,-1.5293037110539578,0.14960114799760205,2.9464526719402073,0.19461190599193492,3.040550476350939,-0.1612150460743673,-2.659716465798823,,
item7_jaccard,Full sample,LS,FF5+MOM,246,-24.50175922601289,-0.029402111071215466,-1.9706816555052893,0.04876030011073822,0.18073027846637868,-0.05236303944656622,-1.5027970642755173,-0.05050148295715672,-1.186933020967216,0.20677259646660515,3.7854816203903217,0.22246011642125524,3.1803376919278574,-0.20856066238576582,-3.5209638528976948,0.1148782537995611,2.721996820605753
item7_jaccard,Full sample,LS_net,FF5+MOM,246,-27.979877481620996,-0.03357585297794519,-2.2458562908500275,0.024713214348542352,0.18073511440431989,-0.052740160049066065,-1.5199384833185483,-0.04974466472640127,-1.167757867630026,0.20716721713615363,3.80358603422579,0.22090791529462106,3.153216122552888,-0.21001122917506687,-3.5759021695499054,0.11587069970962183,2.713616641037508
item7_jaccard,Full sample,Q1,FF5+MOM,246,51.657144223985874,0.061988573068783054,4.86981064623636,1.1170524151754645e-06,0.9146860923582201,1.0275050385488775,49.609740202743346,0.22873671175403315,5.279673407173095,-0.056102569046102925,-1.1401940407232178,-0.04298641526454154,-0.808639260707812,0.1817062375369076,2.527213615557885,-0.12398046973257086,-2.0915830660188157
item7_jaccard,Full sample,Q5,FF5+MOM,246,27.155384997972988,0.03258646199756758,2.9722941990394594,0.00295583299114346,0.9204946026160582,0.9751419991023114,32.94533910568712,0.1782352287968764,4.699182122790262,0.15067002742050223,3.575172391784262,0.17947370115671363,3.853140530497861,-0.02685442484885817,-0.3975347351627363,-0.009102215933009748,-0.28898710965724866
item7_jaccard,Through 2014 (inside the paper's sample),LS,CAPM,106,-10.965717969631333,-0.013158861563557599,-0.4343754088599145,0.6640158521289311,0.030312660237570288,-0.08739530754300366,-1.4933944327710027,,,,,,,,,,
item7_jaccard,Through 2014 (inside the paper's sample),LS,FF3,106,-9.48646915127743,-0.011383762981532916,-0.3760981057526862,0.7068439625086953,0.061100305820658285,-0.07087214923837373,-1.4649937995312556,-0.1736473941656614,-1.9741630942546071,0.10487023665775917,0.9246352241634088,,,,,,
item7_jaccard,Through 2014 (inside the paper's sample),LS,FF5,106,-16.2266271458403,-0.01947195257500836,-0.7058674673337281,0.4802705606211588,0.08479212318532847,-0.047611655047202675,-0.8429393355082617,-0.14394048626381217,-1.418234861343926,0.1576952065827485,1.148463933892494,0.22981954213755898,1.3688904312961374,-0.15343261080983822,-1.043986400183798,,
item7_jaccard,Through 2014 (inside the paper's sample),LS,FF5+MOM,106,-12.597263716444607,-0.015116716459733528,-0.5613000598253005,0.5745930008080599,0.1929138117020035,-0.011147869468779456,-0.18821079818244768,-0.1477344886939894,-2.14442265946541,0.3108514929470605,2.624371718278126,0.2109251174122252,1.5813328432781795,-0.2917157162152503,-2.0066999325464794,0.17536477828699285,3.199176680585962
item7_jaccard,Through 2014 (inside the paper's sample),LS_net,FF5+MOM,106,-16.18442643468356,-0.019421311721620267,-0.7226023054279208,0.46992425144715766,0.192659256490611,-0.01336741583056925,-0.22535372999658992,-0.14889644912891775,-2.148292020992566,0.3072779691040479,2.5866025428406374,0.20309143228873605,1.528340412176444,-0.2895048924701823,-2.0151449113471043,0.1753721772598418,3.1720267731743843
item7_jaccard,Through 2014 (inside the paper's sample),Q1,FF5+MOM,106,63.35931417458228,0.07603117700949874,3.879355969469368,0.00010473339339204659,0.9223920636795822,1.0153045648205323,27.11688384139664,0.3645726354173319,4.308745367795298,-0.23691277443980016,-2.6793111406185006,-0.14195703742511281,-1.3089748297124026,0.11023272173926722,0.829738960329245,-0.23918441883851202,-5.29943252857834
item7_jaccard,Through 2014 (inside the paper's sample),Q5,FF5+MOM,106,50.7620504581377,0.06091446054976524,3.5213780548469664,0.00042931007483014004,0.9345621894739177,1.004156695351753,20.84940799309667,0.21683814672334253,4.369202160756768,0.07393871850726047,1.0830105840161874,0.06896807998711238,0.8373931090130858,-0.18148299447598298,-1.399460408648935,-0.06381964055151916,-2.6196905064176392
item7_jaccard,2015 onward (out of sample),LS,CAPM,140,-20.18456586060919,-0.02422147903273103,-1.2610933771008632,0.20727520648979558,0.058892491289583515,-0.09318452728023138,-2.7654092005767215,,,,,,,,,,
item7_jaccard,2015 onward (out of sample),LS,FF3,140,-23.180350928455155,-0.027816421114146186,-1.5369276045471978,0.1243110387543724,0.10847025262455945,-0.07314834460961644,-2.011151389416768,-0.09622288539922563,-1.7050552096751432,0.1062115576111338,2.12901406417746,,,,,,
item7_jaccard,2015 onward (out of sample),LS,FF5,140,-25.05146826804545,-0.030061761921654544,-1.8550473596612587,0.06358946387152524,0.19632569584489312,-0.09583506893292659,-2.7368955173229574,-0.04632890897130479,-0.8260597367339063,0.1394718344989766,3.5615530400578566,0.19750754528583,2.673323989434205,-0.16558616744475022,-3.0802582771187885,,
item7_jaccard,2015 onward (out of sample),LS,FF5+MOM,140,-27.903554367572827,-0.03348426524108739,-2.1285343720331618,0.033292803258484306,0.21502271103975867,-0.08305885842780722,-2.43525261158383,-0.01779380840917181,-0.3065473471963774,0.15710900259190388,3.994985562339261,0.225492417824912,2.8095559090281204,-0.18286673083480115,-3.6962319088709386,0.06691528069039963,1.7447677643829558
item7_jaccard,2015 onward (out of sample),LS_net,FF5+MOM,140,-31.259426578539255,-0.037511311894247105,-2.3772292680440335,0.017443242483689808,0.21375491830565874,-0.08222155362474565,-2.420420903887698,-0.016165220612747236,-0.2786006639104868,0.15894827107508833,4.002309580689993,0.22507887042143254,2.798170426491981,-0.18531971946765727,-3.752977288026702,0.06872283103224587,1.7823582005475946
item7_jaccard,2015 onward (out of sample),Q1,FF5+MOM,140,38.987837363324715,0.04678540483598966,3.8227709117838193,0.00013196036946025325,0.9333668696341803,1.034038343771645,50.681400047340354,0.20783988814053944,4.560312277616728,0.016463061106957957,0.3952662691071273,0.023800446860731905,0.3978349859967435,0.15140392460749857,1.8920885316850473,0.00023597791552564012,0.008773310516019883
item7_jaccard,2015 onward (out of sample),Q5,FF5+MOM,140,11.084282995751915,0.013301139594902298,1.0957569737638073,0.27318514230869584,0.9253023398539397,0.9509794853438375,33.93863313833476,0.19004607973136767,4.030122845576776,0.17357206369886183,3.3694735009776644,0.24929286468564393,5.012728549397077,-0.031462806227302596,-0.40442702193852886,0.06715125860592527,1.8137771031120182
item7_edit,Full sample,LS,CAPM,246,5.195491026094676,0.006234589231313611,0.3866934248133794,0.6989831844524634,0.018477509024137473,-0.05125400991199279,-1.6627749854074494,,,,,,,,,,
item7_edit,Full sample,LS,FF3,246,4.672635055254219,0.005607162066305063,0.3544062574959379,0.7230344457094333,0.020076048644040334,-0.04614275587677187,-1.4231026676407623,-0.02867438387965696,-0.6176194819253836,0.007823471811472785,0.13326113347266713,,,,,,
item7_edit,Full sample,LS,FF5,246,0.42982842051216774,0.0005157941046146012,0.03659974542312466,0.9708041465186162,0.11040024742135313,-0.05137586252100287,-1.7901317338542806,0.016897540809549392,0.38162658629204094,0.06048799579583132,0.9283786070843189,0.2233542043178597,4.863082943365421,-0.19393529666189727,-3.0404158169885616,,
item7_edit,Full sample,LS,FF5+MOM,246,-2.0013362257348795,-0.002401603470881855,-0.1721337156737871,0.8633324070748036,0.1482817456937967,-0.031308131687458544,-1.0208684687582337,0.03663758818995196,0.8989452201549516,0.10204241974091467,1.541981722194751,0.24359536268066184,5.008989580746041,-0.22834792507749171,-3.502036141422683,0.08349796600038963,3.234426970652163
item7_edit,Full sample,LS_net,FF5+MOM,246,-5.394695616213183,-0.00647363473945582,-0.46219071369397713,0.643944562043087,0.14832760717801619,-0.03176053668527885,-1.0361563240756793,0.03726498021283592,0.9191581008707312,0.10293480209623124,1.5474254595462633,0.24224443316309824,4.9604788622802145,-0.23035544359322227,-3.511871263076213,0.08460097172224963,3.23026795513246
item7_edit,Full sample,Q1,FF5+MOM,246,35.892367791915206,0.04307084135029825,4.271964042040045,1.937588254074801e-05,0.9227727854150078,0.9933824111746149,59.80940549360525,0.15914859388599986,3.5756325658371058,-0.005418835248741074,-0.11866827927792392,-0.04071569872028037,-0.8833547075305205,0.19856070668634068,3.064196917482632,-0.08637450572927591,-2.6907875881332957
item7_edit,Full sample,Q5,FF5+MOM,246,33.89103156618033,0.0406692378794164,3.4420571124402777,0.0005773083491665891,0.9168059861404013,0.9620742794871561,36.6103404784547,0.19578618207595178,4.862061613557018,0.09662358449217354,1.8050023212786284,0.20287966396038148,3.9477520373905888,-0.029787218391151084,-0.39185492930038834,-0.0028765397288862088,-0.10504424358875689
item7_edit,Through 2014 (inside the paper's sample),LS,CAPM,106,11.12603093173705,0.01335123711808446,0.4902246494848703,0.6239749400516847,0.03424579167706143,-0.07774694905488358,-1.3168662135205702,,,,,,,,,,
item7_edit,Through 2014 (inside the paper's sample),LS,FF3,106,11.15324348925613,0.013383892187107355,0.5041810258665922,0.6141341726197376,0.03922677789677842,-0.08948543830776703,-1.7305994965546565,0.0665830431557154,0.9154261072484784,-0.014513898957350667,-0.10784851675454797,,,,,,
item7_edit,Through 2014 (inside the paper's sample),LS,FF5,106,6.4699357965976745,0.0077639229559172095,0.30659573834392934,0.759151097829743,0.08715625956141981,-0.07087871194256691,-1.5206621829279754,0.096451442458796,1.3145519046295715,0.06582031565078907,0.4844779701909054,0.23322464402152113,2.6223646981252506,-0.2543144414041506,-1.8932238054524482,,
item7_edit,Through 2014 (inside the paper's sample),LS,FF5+MOM,106,8.779524082259341,0.010535428898711209,0.423408596432545,0.6719971739795654,0.14966110934402,-0.04767455130637657,-0.8549020563644675,0.09403708420039228,1.416362982053619,0.1632831274478942,1.3015614908719182,0.2212009536805356,2.5064154967892875,-0.3423125288270083,-2.2429823881152333,0.1115954479424417,3.442913339286122
item7_edit,Through 2014 (inside the paper's sample),LS_net,FF5+MOM,106,5.37177590655172,0.006446131087862064,0.2593665737697494,0.7953524177255357,0.14947862593026506,-0.04976700334773878,-0.8900983139963619,0.09229877297192081,1.4064291695638849,0.15990538512568456,1.263671713109701,0.2130843688268641,2.418964585279324,-0.3403334535364456,-2.248697744300479,0.11185272212971997,3.418401429297849
item7_edit,Through 2014 (inside the paper's sample),Q1,FF5+MOM,106,54.269179948500856,0.06512301593820102,4.2565777149371025,2.0757990203343594e-05,0.9262643198821183,1.0041327741874069,32.107554429928946,0.17081579005435718,2.4216888708481856,-0.12972461157234783,-1.5713912637062333,-0.19723044774687706,-2.211376905607526,0.152095964734232,0.9814473903563067,-0.145074201527288,-4.799662986931842
item7_edit,Through 2014 (inside the paper's sample),Q5,FF5+MOM,106,63.04870403076019,0.07565844483691223,3.806416272491765,0.0001409949944153588,0.9288404249594197,0.9564582228810303,23.245406609431747,0.2648528742547494,5.12398124400626,0.033558515875546494,0.421656227371312,0.023970505933658532,0.28890778593002897,-0.19021656409277632,-1.6342295229321047,-0.03347875358484619,-1.4768311605666424
item7_edit,2015 onward (out of sample),LS,CAPM,140,-0.12961287186286904,-0.00015553544623544285,-0.008241147188462262,0.9934245903249158,0.007730171807961095,-0.029863116461732977,-0.8909618314929548,,,,,,,,,,
item7_edit,2015 onward (out of sample),LS,FF3,140,-2.6772233846455555,-0.0032126680615746665,-0.17572131770456526,0.8605128867917782,0.025563099449609328,-0.01486200532878015,-0.4311579693330107,-0.07728136442670229,-1.510388606350609,0.031801780439635746,0.54278124648969,,,,,,
item7_edit,2015 onward (out of sample),LS,FF5,140,-4.620439935461371,-0.005544527922553645,-0.3344437242459199,0.7380447498038603,0.15315594423988954,-0.03955465362642127,-1.4155590307969164,-0.025549163316523738,-0.5460086515176119,0.07039813065627028,1.0470457428667672,0.20787330044364138,3.9055238591736,-0.1824797347782601,-2.6789687762588823,,
item7_edit,2015 onward (out of sample),LS,FF5+MOM,140,-7.011557444258266,-0.008413868933109919,-0.48722532002560104,0.6260986638507067,0.16995154076427876,-0.028843398927648718,-1.0502326374901305,-0.0016260501325617998,-0.03689885909949391,0.0851846903746399,1.2184760370422554,0.23133511624251873,4.229882737864243,-0.19696732605072326,-2.8127168947987653,0.0561000943454657,1.5349632884550215
item7_edit,2015 onward (out of sample),LS_net,FF5+MOM,140,-10.340320932593825,-0.012408385119112589,-0.7139039613353133,0.4752865676692133,0.16884385031590277,-0.028199783684207412,-1.0267414773809136,-5.033885511762936e-05,-0.001141742722594738,0.08763556338321934,1.2396333903501975,0.2311954395692615,4.2044067808534455,-0.20019815434209984,-2.819095514998481,0.05788180812303632,1.563987357306777
item7_edit,2015 onward (out of sample),Q1,FF5+MOM,140,23.082316827760668,0.0276987801933128,2.4133828827255113,0.015805206480368893,0.9322906137623855,0.9825389521064989,53.90128747679495,0.17702262369760274,3.7457315464542957,0.03686404569767067,0.881593286423269,0.030721762791667644,0.6587453313168399,0.16827713483107432,2.4557043515670878,-0.013118257733790186,-0.5517442575227443
item7_edit,2015 onward (out of sample),Q5,FF5+MOM,140,16.070759383502427,0.019284911260202913,1.4307522645133297,0.15250122842003114,0.9206552285779961,0.95369555317885,34.09887270291867,0.17539657356504096,3.971591307959511,0.12204873607231051,1.7774466437399397,0.26205687903418634,5.025606255179312,-0.028690191219648917,-0.3165523934630854,0.04298183661167558,1.1871995510152982
item1a_semantic,Full sample,LS,CAPM,234,6.8453924254677085,0.00821447091056125,0.6171786859073362,0.5371168726639648,0.05595675793710819,-0.08684608929976988,-2.9314638079519466,,,,,,,,,,
item1a_semantic,Full sample,LS,FF3,234,4.943374118772831,0.005932048942527397,0.43240868723892634,0.6654444053341818,0.12334115281157199,-0.08060722957277086,-3.509991034891679,0.02852542563330283,0.5038743344522031,-0.13847569818845856,-3.087879018716219,,,,,,
item1a_semantic,Full sample,LS,FF5,234,2.8460410334381803,0.0034152492401258163,0.23465393025422662,0.8144773476822516,0.13192847078240022,-0.0781430681479777,-3.536186228535953,0.04686774601856923,0.8944478053137567,-0.1391208506534297,-2.78355571825339,0.07652881569529885,1.1584565827301134,-0.018818297973454905,-0.2963245133251264,,
item1a_semantic,Full sample,LS,FF5+MOM,234,-1.7287615001184464,-0.0020745138001421358,-0.15701230289539658,0.8752351520591405,0.24295015743637205,-0.04453789752738033,-1.7417987366486514,0.08247131443068664,1.672627513848674,-0.06833923267776205,-1.4607804040106414,0.1132375220430317,1.7967971508759688,-0.08118008327373566,-1.2839021743794865,0.1400005733947911,2.7871406945699797
item1a_semantic,Full sample,LS_net,FF5+MOM,234,-5.410074188528953,-0.006492089026234744,-0.4884972109139879,0.6251977007982803,0.24471327434399703,-0.04511623669893953,-1.7742998349642167,0.08352383704309786,1.6979544086585923,-0.06676106672319437,-1.4534996930862891,0.11210745840170938,1.786505117097333,-0.08489085297730603,-1.348039682703451,0.14153870271418237,2.7890425237223098
item1a_semantic,Full sample,Q1,FF5+MOM,234,44.019134170104266,0.05282296100412512,3.8491610803656653,0.00011852305049023324,0.9162403178033357,0.9709761528532431,45.78274641760806,0.1462051187479782,3.594215212113239,0.13276337685085804,2.5702578410265913,0.045580647177741296,0.7911931116574381,0.15925249634278538,1.786564134057863,-0.13613908767113114,-2.00084977979305
item1a_semantic,Full sample,Q5,FF5+MOM,234,42.29037266998582,0.050748447203982985,5.627286246312105,1.8306680071642586e-08,0.9188037494709985,0.926438255325863,40.56827304029896,0.22867643317866485,5.153557147880367,0.06442414417309596,1.286997417296189,0.15881816922077294,3.1956622519324864,0.07807241306904968,0.9879966456473886,0.0038614857236599466,0.12285484759563488
item1a_semantic,Through 2014 (inside the paper's sample),LS,CAPM,94,-3.161983739908421,-0.003794380487890105,-0.13843543008936576,0.8898962974128044,0.1377312032762038,-0.15297440927213876,-3.9128332610580903,,,,,,,,,,
item1a_semantic,Through 2014 (inside the paper's sample),LS,FF3,94,-6.196974104188468,-0.007436368925026162,-0.27727882481709554,0.781566017704079,0.16043545878942844,-0.11679472340298054,-4.229521128016298,-0.08188814147577227,-0.7645834675382512,-0.08311308695187125,-0.6231483910798047,,,,,,
item1a_semantic,Through 2014 (inside the paper's sample),LS,FF5,94,-24.320539800134505,-0.029184647760161407,-1.0249474474854074,0.30538798499725484,0.23676528654379714,-0.06431861970216146,-1.7809895244117067,-0.05475132976865294,-0.5065348356676248,-0.15958939529714844,-1.2693590737979394,0.24972749890544826,1.910480032421182,0.33003523605963986,2.069914156296232,,
item1a_semantic,Through 2014 (inside the paper's sample),LS,FF5+MOM,94,-21.519826652227838,-0.025823791982673407,-1.1026158235551873,0.2701940356324313,0.351596460148314,-0.033145771778124236,-0.7115252763632675,-0.052831333471618516,-0.5761752194823062,-0.0163892606562452,-0.16705747024392165,0.2502640158472238,2.022310392997297,0.18509591478533527,1.2263878216085893,0.15017596261442964,2.091766394722909
item1a_semantic,Through 2014 (inside the paper's sample),LS_net,FF5+MOM,94,-25.06037299823017,-0.030072447597876206,-1.2718283448818863,0.20343411556611235,0.3515740251446452,-0.03593483684274865,-0.7689845927796685,-0.05289701852649581,-0.5789578398034975,-0.01720436767567068,-0.1745513061897895,0.24331670778171793,1.956321130509171,0.1823929625929503,1.2177947466594636,0.151132928027401,2.0810108483201004
item1a_semantic,Through 2014 (inside the paper's sample),Q1,FF5+MOM,94,78.69202358239447,0.09443042829887337,4.985686783917802,6.174209820124973e-07,0.9398881600933846,0.9846305557292226,29.801113900731092,0.273714339085543,2.907872465592702,0.023524941191845727,0.3411293524394355,-0.0708968439848766,-0.5883083911841417,0.000467788727650455,0.002849483621221075,-0.22176660957513586,-3.6483406649121237
item1a_semantic,Through 2014 (inside the paper's sample),Q5,FF5+MOM,94,57.17219693016663,0.06860663631619995,4.405199683222974,1.0568647759672784e-05,0.9436633911306043,0.9514847839510985,28.14850450557751,0.2208830056139245,3.677573106745889,0.007135680535600644,0.08885935449213093,0.1793671718623471,1.6455503757970882,0.1855637035129855,1.8187211618454868,-0.07159064696070618,-3.5533444560688983
item1a_semantic,2015 onward (out of sample),LS,CAPM,140,11.57054344762444,0.013884652137149327,1.0059208571583047,0.31445364227935113,0.01308720525719198,-0.03743304839024564,-0.9704596034374259,,,,,,,,,,
item1a_semantic,2015 onward (out of sample),LS,FF3,140,13.848511080675026,0.01661821329681003,1.2786657705030846,0.2010147783432803,0.13791305529738007,-0.055127789093387995,-1.8867620123494087,0.07865451934005742,1.2631874691785832,-0.1513962865245958,-4.810916348290794,,,,,,
item1a_semantic,2015 onward (out of sample),LS,FF5,140,13.677664805114679,0.016413197766137616,1.250103361694926,0.21126179193478423,0.15018809373733877,-0.0647151749827432,-2.3917199067746555,0.0826501880856863,1.5646627376677003,-0.1214336107563031,-2.5379303537388638,0.036331540473654875,0.5066454182855665,-0.08493678005463236,-1.5130094418099405,,
item1a_semantic,2015 onward (out of sample),LS,FF5+MOM,140,8.386868014612329,0.010064241617534794,0.8174275086143746,0.41368416054993573,0.23879210605996926,-0.04101451126628998,-1.518354344893834,0.13558457127131834,2.7658092091434967,-0.08871556891490322,-1.9237989196872674,0.08824521651482717,1.3398932692916914,-0.11699329803187931,-1.9328321866923988,0.12413200021240679,4.318523727453801
item1a_semantic,2015 onward (out of sample),LS_net,FF5+MOM,140,4.663580735451969,0.005596296882542364,0.4517914025194442,0.6514192639475692,0.2411639910087593,-0.04019083149341446,-1.5015997438611535,0.13696364762779784,2.7962736911845565,-0.08627551360670983,-1.90928007789091,0.08771293944816597,1.33394712205622,-0.12067096420934784,-2.004968818777404,0.12605863907888018,4.419563927767546
item1a_semantic,2015 onward (out of sample),Q1,FF5+MOM,140,19.37484877539996,0.023249818530479954,2.0121339659299213,0.04420581705806792,0.9226486545735352,0.9537671341015834,35.044840781422764,0.1355649502923086,4.13341728613996,0.16952400928637124,2.828296804678004,0.12325461954408913,2.0088532237900987,0.14630635572995726,1.489511728092634,-0.027894647631278708,-0.9065834571561269
item1a_semantic,2015 onward (out of sample),Q5,FF5+MOM,140,27.761716790012287,0.033314060148014746,3.295668313286423,0.0009818786663623638,0.9115965040176679,0.9127526228352935,30.020803245668763,0.2711495215636269,5.151696794404926,0.08080844037146796,1.28521271131944,0.21149983605891626,4.030513277956465,0.029313057698077957,0.2892675175509901,0.0962373525811281,3.299466233841332
item7_semantic,Full sample,LS,CAPM,246,2.0996293470887086,0.0025195552165064505,0.16682353285180582,0.8675089016175525,0.028088485713864908,-0.06786138682551977,-2.4412784096996094,,,,,,,,,,
item7_semantic,Full sample,LS,FF3,246,0.20626488315075622,0.0002475178597809075,0.016315428396404107,0.9869827490994734,0.04509595544612133,-0.05255730736641238,-1.9747546407204135,-0.057839090038293774,-1.095549009340045,-0.045714111434449825,-1.0159002814957048,,,,,,
item7_semantic,Full sample,LS,FF5,246,-1.766611033474454,-0.0021199332401693445,-0.15297614313066935,0.8784170888557453,0.06945747903413657,-0.05712318256890823,-2.252402644772673,-0.0350217130680593,-0.6187572547261612,-0.01004844359112598,-0.21421765282940736,0.11740431465208494,1.6724081562639588,-0.12217781685322703,-1.837651710274319,,
item7_semantic,Full sample,LS,FF5+MOM,246,-5.79778093948481,-0.006957337127381773,-0.5193786601716369,0.6034967095905897,0.15977161884988755,-0.023848417429913227,-0.9700276298530517,-0.0022902873845149553,-0.049376956380874616,0.058853900611517705,1.3813689320936173,0.15096664395827705,2.2461775849364027,-0.1792381859523758,-2.966456183892619,0.13844989407584354,2.9664949181644804
item7_semantic,Full sample,LS_net,FF5+MOM,246,-9.349989484128296,-0.011219987380953955,-0.8346576534503056,0.40391049087798936,0.16012043518232333,-0.024294500660832215,-0.9897291362660723,-0.001533031412248341,-0.03306922203994336,0.05929661269144464,1.382083112177952,0.14956669168222703,2.2268084842803186,-0.18130923575656638,-2.9824151923289994,0.13925763698553983,2.9550124101802204
item7_semantic,Full sample,Q1,FF5+MOM,246,43.30668448620333,0.051968021383443995,4.778803039781572,1.7634183053586926e-06,0.9175878360580819,0.98863225131297,52.63271509017768,0.19631744703652632,4.422108317182685,0.02709671859575955,0.6493545427192283,0.013306469090164983,0.26195089141617617,0.15443572975155181,2.3353195926029895,-0.12307624686729718,-2.237144916575643
item7_semantic,Full sample,Q5,FF5+MOM,246,37.5089035467185,0.0450106842560622,4.2450449953699065,2.1854956114382238e-05,0.9235001503292372,0.9647838338830568,45.66499599671952,0.1940271596520113,4.724314072030141,0.08595061920727741,1.8001476313605225,0.16427311304844208,3.31979123487705,-0.02480245620082403,-0.34078509046929656,0.015373647208546481,0.6390680236103384
item7_semantic,Through 2014 (inside the paper's sample),LS,CAPM,106,6.401596881381709,0.00768191625765805,0.30759075387658924,0.7583937566688238,0.08937746887164455,-0.13234821271865038,-3.1264046988667014,,,,,,,,,,
item7_semantic,Through 2014 (inside the paper's sample),LS,FF3,106,2.3636375090382895,0.0028363650108459474,0.11545241018399356,0.9080865393307685,0.13600508512835519,-0.08294427137953021,-2.1098031428011064,-0.07359429034047571,-0.726005011549115,-0.15722441112315116,-1.8953475243975921,,,,,,
item7_semantic,Through 2014 (inside the paper's sample),LS,FF5,106,2.5477827632385246,0.0030573393158862296,0.12937276364330277,0.8970626980074818,0.1366838746403971,-0.08414539985524805,-1.961520654564595,-0.07654095606136226,-0.6441135752538364,-0.1687631905748136,-1.6358290705649348,-0.023294920474911992,-0.12195556464877938,0.03836954199228965,0.2711125115723888,,
item7_semantic,Through 2014 (inside the paper's sample),LS,FF5+MOM,106,6.7771749646645105,0.008132609957597414,0.31995749417358815,0.7490005527839898,0.32546209611845156,-0.04165319609554934,-0.9665808060261784,-0.08096220639976044,-1.082576234069519,0.009713838730724293,0.12602783055425032,-0.045313088161435804,-0.3100780102091766,-0.12277538024221465,-0.9130768333372398,0.20435716624152814,5.2798619265586755
item7_semantic,Through 2014 (inside the paper's sample),LS_net,FF5+MOM,106,3.159943436416274,0.003791932123699529,0.14947860026134147,0.8811759941677135,0.3274022432199456,-0.04389756098952597,-1.0094383665179176,-0.08210287332067466,-1.0943918744163261,0.006016648164965116,0.07687928652374454,-0.05304003117144256,-0.3634542755436801,-0.12111902670376908,-0.9005830445590971,0.20413458325133452,5.209117928808147
item7_semantic,Through 2014 (inside the paper's sample),Q1,FF5+MOM,106,57.021076786429354,0.06842529214371523,4.257971266974787,2.0629045525857154e-05,0.9411674928926271,0.9952929002826689,28.963108698567225,0.34179767000177114,3.744118666930717,-0.05141369751127187,-0.9408456001128798,0.06224087669957778,0.4476521948757621,0.12374515118982153,0.970759558260706,-0.2308013649480278,-7.396075817543931
item7_semantic,Through 2014 (inside the paper's sample),Q5,FF5+MOM,106,63.79825175109387,0.07655790210131265,4.343922604290707,1.3996084201122103e-05,0.9345839840658762,0.9536397041871196,34.769430217416435,0.2608354636020107,4.448330316833669,-0.0416998587805475,-0.7530329386978405,0.016927788538142103,0.25987976965319337,0.0009697709476069523,0.00794890942665073,-0.026444198706499538,-1.2066607673730565
item7_semantic,2015 onward (out of sample),LS,CAPM,140,-3.0536358274441215,-0.003664362992932946,-0.22611411436422446,0.8211126671806208,0.0021115619671149277,-0.017143687424179065,-0.5383509080640895,,,,,,,,,,
item7_semantic,2015 onward (out of sample),LS,FF3,140,-5.261542969150108,-0.00631385156298013,-0.40464532779548135,0.6857382348325023,0.01280977350884438,-0.004767394505172409,-0.14556737516576634,-0.06558302075772392,-1.0379310454211945,0.009624529439728585,0.20287272720181257,,,,,,
item7_semantic,2015 onward (out of sample),LS,FF5,140,-6.1007090387898435,-0.007320850846547812,-0.49958476734833257,0.6173674858352833,0.06993285252403769,-0.026960367791384256,-0.9029040111629285,-0.044101849621233175,-0.6971271333885979,0.06759688741640267,1.5357730340278857,0.11783789763822343,1.51565010386378,-0.18590453879263275,-2.725075087748498,,
item7_semantic,2015 onward (out of sample),LS,FF5+MOM,140,-8.589046980839331,-0.010306856377007196,-0.6952267664998258,0.48691320054276765,0.0850089445028267,-0.015813604248457312,-0.5325203145600294,-0.01920604671376805,-0.31022298136444143,0.08298465378264565,1.9082383579812388,0.14225364727283554,1.7483821168221134,-0.20098118095661974,-3.019007491985094,0.05838106776384076,1.6318452123015912
item7_semantic,2015 onward (out of sample),LS_net,FF5+MOM,140,-12.056347360160684,-0.01446761683219282,-0.9721240151639216,0.3309888561914106,0.0854502857651479,-0.015059730215974648,-0.5087055210231934,-0.01760355075857971,-0.28465563709674413,0.08495793791522989,1.9496634899422136,0.14200943815877715,1.744158816695497,-0.20413978460420534,-3.053675404314265,0.06005087158171103,1.6632496827303658
item7_semantic,2015 onward (out of sample),Q1,FF5+MOM,140,26.01800323202964,0.031221603878435568,2.7407895015417814,0.006129176019430402,0.9197174483221426,0.9829897750562245,42.713159920281605,0.18212288552999478,4.32321834972299,0.06281838703849343,1.3433039710013555,0.06352736868527523,1.1020703579361553,0.12481837764756855,1.6055483632395442,0.0018136570382777646,0.060648602243210996
item7_semantic,2015 onward (out of sample),Q5,FF5+MOM,140,17.428956251190332,0.020914747501428396,1.8690546423857823,0.061615212565658585,0.9257325393645635,0.967176170807767,34.17117877612354,0.16291683881622673,3.2382645384279196,0.14580304082113912,2.572923621826715,0.2057810159581108,3.672199334592494,-0.0761628033090512,-0.9018027928081922,0.060194724802118564,1.7489359368593664
