year,filings,parse_errors,full_ok,item1a_ok,item7_ok,median_words
2005,359,0,0.9944289693593314,0.019498607242339833,0.7158774373259053,34594.0
2006,374,0,0.9919786096256684,0.8502673796791443,0.7593582887700535,36882.0
2007,385,0,0.9974025974025974,0.9064935064935065,0.7922077922077922,39472.0
2008,391,0,0.9974424552429667,0.9258312020460358,0.7979539641943734,41941.0
2009,395,0,0.9974683544303797,0.9367088607594937,0.8253164556962025,44810.0
2010,399,0,0.9974937343358395,0.9573934837092731,0.8421052631578947,46548.0
2011,408,0,1.0,0.9607843137254902,0.8602941176470589,46925.0
2012,413,0,1.0,0.9661016949152542,0.87409200968523,46819.0
2013,421,0,1.0,0.9667458432304038,0.8741092636579573,47179.0
2014,428,0,1.0,0.969626168224299,0.883177570093458,48329.0
2015,436,0,1.0,0.9678899082568807,0.8853211009174312,48205.5
2016,441,0,1.0,0.9682539682539683,0.9002267573696145,48682.0
2017,443,0,1.0,0.9729119638826185,0.9006772009029346,49757.0
2018,452,0,1.0,0.9712389380530974,0.9070796460176991,50740.5
2019,463,0,1.0,0.9697624190064795,0.9114470842332614,51932.0
2020,468,0,0.9978632478632479,0.9594017094017094,0.9188034188034188,52401.5
2021,475,0,1.0,0.9642105263157895,0.9263157894736842,55040.0
2022,481,0,1.0,0.9625779625779626,0.9313929313929314,54246.0
2023,483,0,1.0,0.9627329192546584,0.9337474120082816,53230.0
2024,488,0,1.0,0.9631147540983607,0.9344262295081968,53605.5
2025,496,1,0.9979838709677419,0.9596774193548387,0.9314516129032258,53886.0
2026,455,0,1.0,0.9626373626373627,0.9340659340659341,54756.0
