signal,sample,series,months,mean_monthly_bps,ann_return,ann_vol,sharpe,t_stat,max_drawdown,hit_rate
full_cosine,Full sample,LS,247,-9.804978217938647,-0.011765973861526375,0.0502874828915642,-0.2339742056069411,-1.1941545500648092,-0.30330304744453795,0.46963562753036436
full_cosine,Full sample,LS_net,247,-13.612338933781338,-0.016334806720537606,0.050395165944124486,-0.3241343969111795,-1.6460924213591905,-0.35521231154341093,0.46153846153846156
full_cosine,Through 2014 (inside the paper's sample),LS,106,-7.4539408847818445,-0.008944729061738214,0.05178676146807113,-0.17272230987552756,-0.690464266281578,-0.15249496823078812,0.4811320754716981
full_cosine,Through 2014 (inside the paper's sample),LS_net,106,-11.507978771422053,-0.013809574525706463,0.0517425201337987,-0.2668902575676038,-1.0573742945485416,-0.17215909835305776,0.4811320754716981
full_cosine,2015 onward (out of sample),LS,141,-11.572424723716098,-0.013886909668459319,0.04930756508433387,-0.28163852026981356,-0.9603550734875315,-0.2148713179723888,0.46099290780141844
full_cosine,2015 onward (out of sample),LS_net,141,-15.194340190590447,-0.01823320822870854,0.049536821886543674,-0.3680738395060717,-1.2516184726343784,-0.2462360729920301,0.44680851063829785
full_jaccard,Full sample,LS,247,0.1742207757123111,0.00020906493085477332,0.05790338811939244,0.003610581999514382,0.014380203870817754,-0.20250441298710697,0.4979757085020243
full_jaccard,Full sample,LS_net,247,-3.4294023939230565,-0.004115282872707668,0.05804580216065753,-0.07089716602274707,-0.2820244110815092,-0.24826203324341223,0.4898785425101215
full_jaccard,Through 2014 (inside the paper's sample),LS,106,13.768630857347476,0.01652235702881697,0.06102716258582709,0.2707377555949834,0.6682577656089028,-0.1426434115722106,0.5283018867924528
full_jaccard,Through 2014 (inside the paper's sample),LS_net,106,9.898377483403536,0.011878052980084243,0.06116444367580992,0.194198659650066,0.47833583570302907,-0.14710579968887938,0.5283018867924528
full_jaccard,2015 onward (out of sample),LS,141,-10.045690349488599,-0.012054828419386317,0.05539587114210332,-0.21761239909853342,-0.7048277452168391,-0.20250441298710775,0.475177304964539
full_jaccard,2015 onward (out of sample),LS_net,141,-13.448868117303334,-0.016138641740764,0.05555429262386273,-0.29050215525256856,-0.9397810185187405,-0.23727865157218808,0.46099290780141844
full_edit,Full sample,LS,247,-3.7561442590387566,-0.004507373110846508,0.06260150568008545,-0.07200103355150411,-0.2732112641903843,-0.3899586503897444,0.4939271255060729
full_edit,Full sample,LS_net,247,-7.327046180686265,-0.008792455416823518,0.06274128140527724,-0.1401382824814919,-0.5324046765216305,-0.4250246213296246,0.4817813765182186
full_edit,Through 2014 (inside the paper's sample),LS,106,17.47222609729109,0.020966671316749314,0.07377848919291169,0.28418406972155363,0.6563511808272742,-0.21846378356466956,0.5377358490566038
full_edit,Through 2014 (inside the paper's sample),LS_net,106,13.682880880602681,0.01641945705672322,0.07384637017657782,0.222346162952381,0.5138310172582259,-0.22693927434353944,0.5283018867924528
full_edit,2015 onward (out of sample),LS,141,-19.71506098081864,-0.02365807317698237,0.05226833019616786,-0.4526273000914979,-1.6009555719738287,-0.3167716411079309,0.46099290780141844
full_edit,2015 onward (out of sample),LS_net,141,-23.12174312037866,-0.027746091744454394,0.052504438941112314,-0.5284523043008558,-1.8693621672179004,-0.3359828820700056,0.44680851063829785
item1a_cosine,Full sample,LS,235,21.242637332592466,0.02549116479911096,0.05463163974062537,0.4666007632232047,2.08088865337331,-0.1228105065141265,0.6042553191489362
item1a_cosine,Full sample,LS_net,235,17.465123330635286,0.020958147996762343,0.0547279210879537,0.38295165575685447,1.7041163018345404,-0.1277733100058458,0.5957446808510638
item1a_cosine,Through 2014 (inside the paper's sample),LS,94,7.177529066459818,0.008613034879751782,0.0533325295124787,0.16149683801771506,0.5847885510915649,-0.1228105065141265,0.5851063829787234
item1a_cosine,Through 2014 (inside the paper's sample),LS_net,94,3.198549587733852,0.003838259505280623,0.05331977337194577,0.07198566802799138,0.25869543520579996,-0.1277733100058458,0.574468085106383
item1a_cosine,2015 onward (out of sample),LS,141,30.619376176680905,0.036743251412017085,0.055430499987353346,0.6628706473944883,2.1061097203346457,-0.11387627510485787,0.6170212765957447
item1a_cosine,2015 onward (out of sample),LS_net,141,26.976172492569575,0.032371406991083485,0.05559025576962067,0.5823216055209091,1.8502782418456063,-0.1184079624703196,0.6099290780141844
item1a_jaccard,Full sample,LS,235,7.872980170509121,0.009447576204610945,0.059585366226414846,0.15855530985094005,0.6018262451781857,-0.2384610698338382,0.5319148936170213
item1a_jaccard,Full sample,LS_net,235,4.101253735403144,0.004921504482483774,0.059802247758861844,0.0822963127126685,0.31176203366960537,-0.2428055748206256,0.5234042553191489
item1a_jaccard,Through 2014 (inside the paper's sample),LS,94,-2.661718807928972,-0.0031940625695147666,0.06473536449654012,-0.049340304088122934,-0.10780451613620973,-0.2384610698338382,0.5106382978723404
item1a_jaccard,Through 2014 (inside the paper's sample),LS_net,94,-6.635505152486398,-0.007962606182983677,0.06513985372576614,-0.12223862547351805,-0.26658071999988375,-0.2428055748206256,0.5
item1a_jaccard,2015 onward (out of sample),LS,141,14.896112822801184,0.01787533538736142,0.05599609818447055,0.3192246596981431,1.0580991323582587,-0.161616691298616,0.5460992907801419
item1a_jaccard,2015 onward (out of sample),LS_net,141,11.259092993996171,0.013510911592795405,0.056065738906899185,0.2409833858647819,0.7979976714040967,-0.16560934693291496,0.5390070921985816
item1a_edit,Full sample,LS,235,-4.313654414195053,-0.0051763852970340635,0.055145873298100584,-0.09386713796429,-0.37989266284156525,-0.27258160116749797,0.46382978723404256
item1a_edit,Full sample,LS_net,235,-8.232457983541874,-0.009878949580250249,0.05535308325484641,-0.17847153219573003,-0.7203263869438629,-0.32918986294357233,0.4595744680851064
item1a_edit,Through 2014 (inside the paper's sample),LS,94,-2.9625758843804664,-0.0035550910612565595,0.06876253657895927,-0.05170098774896541,-0.1174386138435924,-0.2333460732332986,0.5
item1a_edit,Through 2014 (inside the paper's sample),LS_net,94,-6.989124716994011,-0.008386949660392813,0.06913876184606507,-0.12130604362088591,-0.2751779212397281,-0.2492316613566209,0.5
item1a_edit,2015 onward (out of sample),LS,141,-5.214373434071442,-0.00625724812088573,0.044065276384316954,-0.1419995205819863,-0.6085141899894051,-0.16684698784094643,0.4397163120567376
item1a_edit,2015 onward (out of sample),LS_net,141,-9.061346827907116,-0.01087361619348854,0.0441088598574077,-0.2465177342747028,-1.0511694229331665,-0.1907598130081526,0.4326241134751773
item7_cosine,Full sample,LS,247,-28.125442443092354,-0.03375053093171082,0.06472813175737173,-0.5214198218824238,-2.3015084855664156,-0.5641660843156329,0.44129554655870445
item7_cosine,Full sample,LS_net,247,-31.83291864160909,-0.03819950236993091,0.06473571976837099,-0.5900838440757505,-2.59953415918064,-0.5953647528498935,0.4331983805668016
item7_cosine,Through 2014 (inside the paper's sample),LS,106,-24.095787049270868,-0.02891494445912504,0.06945459588709646,-0.41631434305842624,-1.1984021419713957,-0.3107332767664931,0.49056603773584906
item7_cosine,Through 2014 (inside the paper's sample),LS_net,106,-28.208765134057362,-0.033850518160868835,0.06940220402426778,-0.48774413776588943,-1.402188505698396,-0.3288668024839677,0.49056603773584906
item7_cosine,2015 onward (out of sample),LS,141,-31.15482876752552,-0.03738579452103062,0.061167113933476513,-0.6112074302163457,-2.0550308735853986,-0.3661067372770853,0.40425531914893614
item7_cosine,2015 onward (out of sample),LS_net,141,-34.557459576364295,-0.04146895149163715,0.06122983096059963,-0.6772671235744833,-2.2706054395377935,-0.3940134876910987,0.3900709219858156
item7_jaccard,Full sample,LS,247,-24.94408529088998,-0.029932902349067973,0.06865889716942124,-0.43596538224618114,-1.6631086028228896,-0.5318669268290106,0.4777327935222672
item7_jaccard,Full sample,LS_net,247,-28.491750639557544,-0.034190100767469055,0.06868294607328262,-0.49779607198254494,-1.8972808561621692,-0.5689646175564192,0.47368421052631576
item7_jaccard,Through 2014 (inside the paper's sample),LS,106,-16.718143070834508,-0.02006177168500141,0.07932682988358955,-0.25290020683344633,-0.6158530107877372,-0.3081586574342349,0.5377358490566038
item7_jaccard,Through 2014 (inside the paper's sample),LS_net,106,-20.662202361115714,-0.024794642833338855,0.07927451570842253,-0.31276940151278076,-0.7607062681612978,-0.31975201399584574,0.5283018867924528
item7_jaccard,2015 onward (out of sample),LS,141,-31.12812695986785,-0.03735375235184142,0.05960637344964829,-0.6266737966099467,-1.9057260988719602,-0.3952927489296988,0.4326241134751773
item7_jaccard,2015 onward (out of sample),LS_net,141,-34.377794026187566,-0.04125335283142508,0.05971565315922468,-0.6908298017176153,-2.09876402211627,-0.42053990322834744,0.4326241134751773
item7_edit,Full sample,LS,247,0.16152702940668778,0.00019383243528802533,0.05882192401374093,0.0032952413328531317,0.01277828458632173,-0.24242020795174446,0.5020242914979757
item7_edit,Full sample,LS_net,247,-3.30712704441815,-0.00396855245330178,0.05893850386216875,-0.06733378340553875,-0.26083969845683763,-0.28145091619340135,0.4939271255060729
item7_edit,Through 2014 (inside the paper's sample),LS,106,6.008668068001932,0.007210401681602318,0.06639322430461861,0.10860146885652501,0.26802684704701496,-0.1847908863425407,0.5
item7_edit,Through 2014 (inside the paper's sample),LS_net,106,2.229437511834832,0.0026753250142017987,0.06637299434181884,0.04030743287584644,0.09928315316049013,-0.19045043628055314,0.49056603773584906
item7_edit,2015 onward (out of sample),LS,141,-4.234196020884774,-0.005081035225061728,0.05261426118160151,-0.09657144490776383,-0.29340133386721345,-0.2077498261180989,0.5035460992907801
item7_edit,2015 onward (out of sample),LS_net,141,-7.469367065431029,-0.008963240478517235,0.052867386074891436,-0.169541964223841,-0.5148356215943953,-0.22898498885781293,0.49645390070921985
item1a_semantic,Full sample,LS,235,-0.8013382308765603,-0.0009616058770518724,0.05838007079729847,-0.0164714750071247,-0.06759171597828066,-0.2676061914829173,0.46382978723404256
item1a_semantic,Full sample,LS_net,235,-4.5644604520751315,-0.005477352542490157,0.05853464499128343,-0.09357454108256412,-0.38202063558956734,-0.2715665239863905,0.4595744680851064
item1a_semantic,Through 2014 (inside the paper's sample),LS,94,-13.443816907795364,-0.016132580289354437,0.06858090407027581,-0.2352342901870053,-0.5420956793996997,-0.2676061914829173,0.48936170212765956
item1a_semantic,Through 2014 (inside the paper's sample),LS_net,94,-17.434005218296907,-0.02092080626195629,0.06891679702404126,-0.30356614302110085,-0.6971270849816922,-0.2715665239863905,0.4787234042553192
item1a_semantic,2015 onward (out of sample),LS,141,7.626980887069309,0.009152377064483172,0.05050537028052846,0.18121591849830915,0.7268356202971801,-0.1009066853262367,0.44680851063829785
item1a_semantic,2015 onward (out of sample),LS_net,141,4.015236058739391,0.0048182832704872685,0.05049297837918215,0.09542481796783465,0.38015374801378704,-0.10859713988993658,0.44680851063829785
item7_semantic,Full sample,LS,247,-4.142425761952579,-0.0049709109143430946,0.06309846813510549,-0.07878021545149803,-0.3142199058039702,-0.26952693349503287,0.5020242914979757
item7_semantic,Full sample,LS_net,247,-7.771443218080581,-0.009325731861696697,0.06324893542603102,-0.14744488265107708,-0.5877403041005044,-0.3163163155794524,0.4898785425101215
item7_semantic,Through 2014 (inside the paper's sample),LS,106,-2.3096623652034145,-0.0027715948382440975,0.06995972037624978,-0.039617008520591655,-0.09176018865443357,-0.19828627659862508,0.5188679245283019
item7_semantic,Through 2014 (inside the paper's sample),LS_net,106,-6.287039880281715,-0.007544447856338059,0.07014423686209768,-0.10755620409942312,-0.24898418477160672,-0.20072604976293706,0.5
item7_semantic,2015 onward (out of sample),LS,141,-5.520247890005143,-0.0066242974680061715,0.05765944328916636,-0.11488660122479555,-0.41858873196585855,-0.17625364613026828,0.48936170212765956
item7_semantic,2015 onward (out of sample),LS_net,141,-8.887377642241434,-0.010664853170689721,0.05778245420264713,-0.18456905851190275,-0.6720247293510585,-0.206114058711523,0.48226950354609927
