signal,sample,Q1,Q2,Q3,Q4,Q5,avg_names,avg_monthly_turnover
full_cosine,Full sample,130.36294892172114,144.18339018115415,131.01058294825816,131.24902038103397,120.55797070378249,424.2995951417004,0.19036803579213468
full_cosine,Through 2014 (inside the paper's sample),122.09847574412915,130.1853783873752,130.68130704465977,146.0762344944569,114.64453485934726,379.8867924528302,0.20270189433201063
full_cosine,2015 onward (out of sample),136.57595712615202,154.70671819633552,131.25812369848109,120.1023204092409,125.00353240243591,457.68794326241135,0.1810957733437173
full_jaccard,Full sample,134.3401315562005,125.78234064069034,130.78208482128858,131.74881903098824,134.5143523319128,424.2995951417004,0.1801811584817682
full_jaccard,Through 2014 (inside the paper's sample),124.65074380148907,112.54735509802516,132.20018141596412,135.6162357742525,138.41937465883655,379.8867924528302,0.19351266869719672
full_jaccard,2015 onward (out of sample),141.6243521377566,135.73204608411234,129.71599801961764,128.84139935165481,131.57866178826796,457.68794326241135,0.17015888839073678
full_edit,Full sample,129.8958032312688,136.6221077085792,124.51612175779655,140.20451014006892,126.13965897223001,424.2995951417004,0.1785450960823754
full_edit,Through 2014 (inside the paper's sample),111.8872883160002,132.16619100264083,124.08129275622649,146.3138550891808,129.3595144132913,379.8867924528302,0.18946726083442053
full_edit,2015 onward (out of sample),143.43411940870473,139.9719457995683,124.84301448238116,135.6116692563394,123.71905842788607,457.68794326241135,0.17033410697800105
item1a_cosine,Full sample,121.96148953845879,123.07555927742429,137.4584130089315,141.80124761814986,143.20412687105127,408.34468085106386,0.188875700097859
item1a_cosine,Through 2014 (inside the paper's sample),129.07583785454787,113.66478170574383,133.5808342084145,146.42123189465468,136.25336692100768,359.8085106382979,0.19894897393629812
item1a_cosine,2015 onward (out of sample),117.2185906610661,129.34941099187793,140.04346554260954,138.72125810047996,147.837966837747,440.70212765957444,0.18216018420556623
item1a_jaccard,Full sample,125.94609794825175,139.47521713734994,128.74474044733222,139.6612109643247,133.8190781187609,408.34468085106386,0.1885863217552988
item1a_jaccard,Through 2014 (inside the paper's sample),135.05336972576066,134.33319934401655,112.48317109846971,145.01705284514674,132.39165091783167,359.8085106382979,0.19868931722787123
item1a_jaccard,2015 onward (out of sample),119.87458342991249,142.9032289995722,139.58578667990727,136.09064971044333,134.77069625271372,440.70212765957444,0.18185099144025055
item1a_edit,Full sample,136.61704887152317,133.74984547411717,134.29395051743217,130.80781392692666,132.30339445732812,408.34468085106386,0.19594017846734121
item1a_edit,Through 2014 (inside the paper's sample),134.38713568790652,140.95676328580313,112.65114901300137,139.868113785861,131.42455980352608,359.8085106382979,0.20132744163067728
item1a_edit,2015 onward (out of sample),138.10365766060096,128.94523359965984,148.7224848537194,124.76761402097041,132.8892842265295,440.70212765957444,0.1923486696917838
item7_cosine,Full sample,147.1676604153366,143.42128917105418,139.1136711693861,133.37261945860166,119.0422179722443,370.2105263157895,0.18537380992583702
item7_cosine,Through 2014 (inside the paper's sample),140.80376549604122,156.6439695054872,137.1800955584899,132.48557562614164,116.70797844677033,308.8301886792453,0.2056489042393245
item7_cosine,2015 onward (out of sample),151.95186510643813,133.48083445155135,140.56728120310956,134.03947510569932,120.79703633891265,416.35460992907804,0.17013154044193868
item7_jaccard,Full sample,149.659635439758,138.5619788165108,137.6072839739321,131.50020545435098,124.71555014886805,370.2105263157895,0.1773832674333784
item7_jaccard,Through 2014 (inside the paper's sample),144.8299758633167,136.62501865950063,135.64317247487435,138.1796654191229,128.11183279248226,308.8301886792453,0.1972029645140608
item7_jaccard,2015 onward (out of sample),153.2904433482883,140.01813326078798,139.0838500654223,126.4787674666501,122.16231638842048,416.35460992907804,0.162483353315986
item7_edit,Full sample,130.46785607588626,143.7561248521705,132.86757716455114,144.47799623399848,130.62938310529296,370.2105263157895,0.1734327036912419
item7_edit,Through 2014 (inside the paper's sample),130.08680105304003,147.14023432754897,128.56403844790324,142.3847795071249,136.09546912104193,308.8301886792453,0.18896152780835498
item7_edit,2015 onward (out of sample),130.7543229724941,141.2120425515314,136.10286158983254,146.05162015632897,126.52012695160931,416.35460992907804,0.16175855222731284
item1a_semantic,Full sample,136.18693162021665,135.62128691153654,123.65365113277772,137.00374053747626,135.38559338934007,408.34468085106386,0.18815611105992855
item1a_semantic,Through 2014 (inside the paper's sample),151.8595879431738,119.32835152043191,108.60931484794517,141.4691394421936,138.41577103537844,359.8085106382979,0.1995094155250776
item1a_semantic,2015 onward (out of sample),125.73849407157853,146.48324383893964,133.6832086559994,134.02680793433137,133.36547495864784,440.70212765957444,0.1805872414164959
item7_semantic,Full sample,138.04208285479402,142.20504845404224,131.1576766877611,137.02726258366872,133.89965709284144,370.2105263157895,0.18145087280640032
item7_semantic,Through 2014 (inside the paper's sample),142.3786373840892,147.05172751127319,119.79624866652928,135.3123651529243,140.06897501888574,308.8301886792453,0.1988688757539151
item7_semantic,2015 onward (out of sample),134.78197803135228,138.56144575853529,139.6988920796091,138.31647625500852,129.26173014134713,416.35460992907804,0.16835648761181474
